,id,name,words,members_str
0,Window-Dockable-Container,Window-Dockable-Container,Dockable Window Manager Docking Layout Panel Window Container Dock Border Dockable Window Manager Impl Entry Default Focus Component Panel Window Container Action Handler Panel Window Container Rotated Text Icon Panel Window Container Button Layout Dockable Window Container Dockable Panel Dockable Window Manager Impl Dockable Window Config Perspective Handler Floating Window Container Mouse Handler Dockable Panel Resize Mouse Handler Panel Window Container Dockable Window Update Dockable Window Manager Impl Dockable Window Config Plugin Update Dockable Layout Dockable Window Manager Provider Dockable Window Manager Impl Floating Window Container Panel Window Container Menu Mouse Handler Dockable Window Manager Dockable Window Manager Docking Area,DockableWindowManager.DockingLayout PanelWindowContainer.DockBorder DockableWindowManagerImpl.Entry DefaultFocusComponent PanelWindowContainer.ActionHandler PanelWindowContainer.RotatedTextIcon PanelWindowContainer.ButtonLayout DockableWindowContainer DockablePanel DockableWindowManagerImpl.DockableWindowConfig.PerspectiveHandler FloatingWindowContainer.MouseHandler DockablePanel.ResizeMouseHandler PanelWindowContainer DockableWindowUpdate DockableWindowManagerImpl.DockableWindowConfig PluginUpdate DockableLayout DockableWindowManagerProvider DockableWindowManagerImpl FloatingWindowContainer PanelWindowContainer.MenuMouseHandler DockableWindowManager DockableWindowManager.DockingArea
1,Option-Options-Group,Option-Options-Group,Option Group Option Group Pane Option Tree Model Tabbed Option Dialog Title Changer Options Dialog Options Dialog Pane Name Renderer Combined Options Properties Changing Tabbed Option Dialog Plugin Options No Plugins Pane Global Option Group String Model Global Options Plugin Option Group Plugin Option Group No Plugins Pane Option Pane Options Dialog Option Tree Model Properties Changing State Plugin Options,OptionGroup OptionGroupPane OptionTreeModel TabbedOptionDialog.TitleChanger OptionsDialog OptionsDialog.PaneNameRenderer CombinedOptions PropertiesChanging TabbedOptionDialog PluginOptions.NoPluginsPane GlobalOptionGroup StringModel GlobalOptions PluginOptionGroup PluginOptionGroup.NoPluginsPane OptionPane OptionsDialog.OptionTreeModel PropertiesChanging.State PluginOptions
2,Split-Config-Parser,Split-Config-Parser,Split Config Parser Split Split Config Parser Buffer Set Split Config Parser,SplitConfigParser.Split SplitConfigParser.BufferSet SplitConfigParser
3,Layout-Extended-Grid,Layout-Extended-Grid,Extended Grid Layout Layout Size Extended Grid Layout Extended Grid Layout Constraints,ExtendedGridLayout.LayoutSize ExtendedGridLayout ExtendedGridLayoutConstraints
4,Check-Box-List,Check-Box-List,J Check Box List J Check Box List Entry J Check Box List Dummy Renderer Check Box List Model J Check Box List Label Renderer,JCheckBoxList JCheckBoxList.Entry JCheckBoxList.DummyRenderer CheckBoxListModel JCheckBoxList.LabelRenderer
5,Writer-Code-Item,Writer-Code-Item,Code Writer Item Label Edge Class Writer Byte Vector,CodeWriter Item Label Edge ClassWriter ByteVector
6,Property-List-Writer,Property-List-Writer,Property List Writer Document Type App Bundle Properties Jar Bundler LS Environment Help Book Java Property Service,PropertyListWriter DocumentType AppBundleProperties JarBundler LSEnvironment HelpBook JavaProperty Service
7,Ar-File-Utils,Ar-File-Utils,Ar Utils Ar Ar Long File Mode Ar Ar File Set Ar Constants Ar Output Stream Deb Ar Ar Entry,ArUtils Ar.ArLongFileMode Ar.ArFileSet ArConstants ArOutputStream Deb Ar ArEntry
8,Abbrevs-Option-Pane,Abbrevs-Option-Pane,Abbrevs Option Pane Abbrevs Model Abbrev Abbrevs Option Pane Selection Handler Add Abbrev Dialog Abbrevs Option Pane Renderer Edit Abbrev Dialog Action Handler Abbrevs Option Pane Table Mouse Handler Add Abbrev Dialog Key Handler Edit Abbrev Dialog Key Handler Abbrevs Option Pane Abbrevs Model Abbrevs Option Pane Abbrevs Model Abbrev Compare Abbrevs Option Pane Action Handler Abbrevs Option Pane Header Mouse Handler Edit Abbrev Dialog Abbrev Editor Add Abbrev Dialog Action Handler Abbrevs Option Pane,AbbrevsOptionPane.AbbrevsModel.Abbrev AbbrevsOptionPane.SelectionHandler AddAbbrevDialog AbbrevsOptionPane.Renderer EditAbbrevDialog.ActionHandler AbbrevsOptionPane.TableMouseHandler AddAbbrevDialog.KeyHandler EditAbbrevDialog.KeyHandler AbbrevsOptionPane.AbbrevsModel AbbrevsOptionPane.AbbrevsModel.AbbrevCompare AbbrevsOptionPane.ActionHandler AbbrevsOptionPane.HeaderMouseHandler EditAbbrevDialog AbbrevEditor AddAbbrevDialog.ActionHandler AbbrevsOptionPane
9,Animated-Icon-Animator,Animated-Icon-Animator,Animated Icon Animator Animated Icon,AnimatedIcon.Animator AnimatedIcon
10,Pane-Handler-Option,Pane-Handler-Option,Manage Panel Header Renderer Plugin Manager Reload With Encoding Provider Tip Of The Day Plugin Manager Option Pane Buffer Printer Roster Operation Hyper Search Results Collapse Child Tree Nodes Action Text Area Option Pane Font List Font Item Renderer Printer Dialog Advanced Panel Chromaticity Cell Renderer Keyboard Command Window Table Model Entry One Time Migration Service Printer Dialog Color Well Button Action Handler Encodings Option Pane Action List Handler Enhanced Menu Item File Opener Service Buffer Printer Abstract Context Option Pane Menu Item Directory Provider Plugin List Plugin Set Keymap Manager Impl Select Line Range Install Panel Size Label Log Plugin List Printer Dialog Page Setup Panel Finishing Cell Renderer Tool Bar Option Pane List Handler J Edit History Model Saver Margins Abstract Context Option Pane Variable Grid Layout Context Add Dialog Printer Dialog Page Setup Panel Orientation Cell Renderer Save Backup Option Pane Tool Bar Option Pane Button Cell Renderer J Edit Kill Ring Perspective Manager Perspective Handler Printer Dialog Page Setup Panel Sides Cell Renderer Service Manager Descriptor Tool Bar Option Pane Icon Cell Renderer J Edit Rich Text Log Viewer Colorizer Cell Renderer Manage Panel Restore Button Shortcuts Option Pane Table Mouse Handler Icon Theme Help TOC Loader TOC Handler Browser Colors Option Pane Hyper Search Results Action Handler Font Selector Dialog Numeric Text Field Handler Add Mode Dialog Hyper Search Results Expand Child Tree Nodes Action Debug Printer Dialog General Panel Recent Files Provider Close Dialog List Handler Printer Dialog General Panel Print Service Cell Renderer Context Option Pane Log Viewer Manage Panel Manage Panel Restore Handler Files Changed Dialog Manage Panel Remove Button Generic GUI Utilities Plugin JA Plugin Cache Entry Browser Colors Option Pane Mouse Handler Install Panel Table Focus Handler Printer Dialog Priority Settings XM IO Utilities Ping Pong List My List Data Listener Install Panel Keyboard Action Hyper Search Results Tree Node Callback Adapter Standard Utilities String Compare Keymap Manager State J Edit Register Saver Registers Handler Rollover Button Edit Plugin Deferred J Edit Tray Icon Plugin Manager Progress Roster Thread Hover Set Status Mouse Handler Log Log Print Stream Plugin List Plugin Font Selector Edit Modes Pane Copy File Worker Behavior Install Panel Entry Manage Panel Text Renderer Properties Bean Status Bar Option Pane Widget List Cell Renderer Syntax Hilite Option Pane Tool Bar Edit Dialog Action Handler Shortcuts Option Pane Keymap Cell Renderer Printer Dialog Advanced Panel Quality Cell Renderer Property Manager Hyper Search Results Copy To Clipboard Action Mode Provider Edit Plugin J Edit Action Set Plugin Manager Option Pane Mirror Model Color Well Button Color Well Hyper Search Tree Node Callback Mode Settings Pane Enhanced Check Box Menu Item Hyper Search Results Result Tree Transfer Handler Keymap Manage Panel Header Mouse Handler Hyper Search Results Go To Node Action Auto Detection Result Ping Pong List My Transferable Undo Pane Manage Panel Table Selection Listener Manage Panel Keyboard Action Printer Dialog My Button Group Log Viewer Action Handler GUI Utilities Unix Workaround Misc Utilities Tool Bar Option Pane Button Manage Panel Save Button Ping Pong List Action Handler J Tray Icon Buffer Option Pane Action Handler About Dialog View Option Pane Splash Screen Hyper Search Results To String Nodes Manage Panel Entry Compare Operating System Shortcuts Option Pane Keymaps Model Filtered List Model String List View View Config Abstract Context Option Pane Menu Item Compare Manage Panel Hide Libraries Button Error List Dialog Error Entry JAR Class Loader Integer Input Verifier Hyper Search Results Result Cell Renderer Ping Pong List Editing Option Pane Browser Context Option Pane Browser Commands Menu Action Handler Hyper Search Results Key Handler Shortcuts Option Pane Shortcuts Model J Edit Swing Tray Icon Install Panel Text Renderer Printer Dialog Edit Panel Log Log Output Stream Autosave Plugin Manager Progress J Tray Icon My Mouse Listener Buffer History Hyper Search Results Plugin Manager List Updater Status Bar Option Pane Widget Selection Dialog Add Mode Dialog Action Handler Copy File Worker Font Selector Dialog List Handler J Edit Abstract Edit Action GUI Utilities Plugin List Branch Service Manager Service Fold Handler Provider XML Encoding Detector Abstract Context Option Pane Action Handler Enhanced Menu Install Panel Choose Plugin Set Printer Dialog Job Panel Color Chooser Dialog Enhanced Button Tool Bar Option Pane Action Handler Settings XM Saver Font Selector Dialog Action Handler Keymap Migration About Dialog About Panel Help TOC Loader Install Panel String Map Handler Text Area Option Pane Font List Roster Install Memory Status Widget Factory Memory Status Status Bar Option Pane List Handler Panel Window Container Dockable Window Compare Hyper Search Results Remove Tree Node Action Buffer Option Pane Browser Colors Model Entry Error List Dialog J Text Pane Sized Manage Panel Find Orphan Edit J Edit Property Manager Mode J Edit Mode Misc Utilities Var Compressor Check File Status Plugin JA Docking Option Pane Manage Panel Save Backup Option Pane My Action Listener Rollover Button Mouse Over Handler Mode Settings Pane Action Handler Macros Provider Plugin Manager Option Pane Single Selection Model Keymap File Filter Mode Catalog Handler Edit Plugin Broken Roster Remove GUI Utilities Unix Workaround Component Handler Help TOC Loader Plugin Compare Edit Modes Pane My List Selection Listener Service Manager Edit Modes Pane My Cell Renderer Font Selector Action Handler Dockable Window Factory Dockable List Handler Install Panel Plugin Info Box Roster Browser Colors Model J Edit Swing Tray Icon My Action Listener Action Set Manage Panel Header Mouse Handler Cleanup Action Listener Buffer History Entry Install Panel Selectall Button Ping Pong List My Transfer Handler Log Viewer Log Settings Plugin Res URL Connection Rich Text Transferable Docking Option Pane Dock Position Cell Renderer J Tray Icon Manager J Edit Kill Ring Kill Ring Handler Save Backup Option Pane My Action Listener Manage Panel Table Focus Handler Browser Colors Option Pane Action Handler File Cell Renderer Expansion Toggle Border Kill Ring Reverse VFS Manager Error Displayer Error List Dialog Action Handler Log Viewer List Handler Buffer History Recent Handler General Option Pane Lang Cell Renderer J Edit Swing Tray Icon My Mouse Adapter Abstract Context Option Pane List Handler Plugin Detail Panel JAR Class Loader Single Element Enumeration Files Changed Dialog Tree Handler Status Bar Option Pane Ping Pong List My List Model Install Panel Clear Plugin Set Filtered Table Model Status Bar Option Pane Action Handler Text Area Option Pane Printer Dialog Printer Panel Edit Modes Pane Action Handler Plugins Provider Plugin List Dependency Edit Dockable Window Factory Window Plugin List Handler Help TOC Loader Help Node GUI Utilities Unix Workaround Window Handler Gutter Option Pane Plugin Manager Progress Window Handler Tip Of The Day Action Handler Appearance Option Pane General Option Pane Shortcuts Option Pane XML Utilities Printer Dialog Page Setup Panel Log Viewer My Filtered List Model Window Table Model Firewall Option Pane Browser Colors Option Pane Selection Handler Tool Bar Option Pane Icon List Entry Browser Option Pane Perspective Manager Tool Bar Edit Dialog Action Set Compare Files Changed Dialog Action Handler Log Log List Model Service List Handler Keymap Manager Syntax Hilite Option Pane Style Table Model Printer Dialog Advanced Panel Dockable Window Factory Install Panel Plugin Table Model Mode Settings Pane Mode Properties Hyper Search Results Mouse Handler Install Panel Header Mouse Handler Tool Bar Option Pane Manage Panel Entry Keymap Impl Dynamic Menu Provider Firewall Option Pane Action Handler Variable Grid Layout Layout Size Install Panel Header Renderer Text Area Dialog Action Handler Hyper Search Results Result Cell Renderer Count Nodes GUI Utilities Size Saver Abstract Option Pane Shortcuts Option Pane Header Mouse Handler Plugin Manager Progress Action Handler Close Dialog Action Handler Text Area Dialog Close Dialog Shortcuts Option Pane Action Handler Install Panel Entry Compare Install Panel Install Button Plugin Manager Action Handler Mouse Option Pane Large Files Option Pane View Option Pane Action Handler Dockable Window Manager Key Handler Hyper Search Results Remove All Tree Nodes Action J Edit Register Saver Print Option Pane Status Bar Option Pane Widget Selection Dialog Action Handler Tool Bar Edit Dialog Context Add Dialog Action Handler J Tray Icon My Popup Menu Listener Manage Panel Plugin Table Model Install Panel Color Well Button Manage Panel Help Button Migration Service Register Viewer Renderer Browser Colors Model Color Renderer Edit Server Memory Status Widget Factory Memory Status Mouse Handler Enhanced Check Box Menu Item Model Tool Bar Option Pane Button Compare Plugin JA Plugin Depends,ManagePanel.HeaderRenderer PluginManager ReloadWithEncodingProvider TipOfTheDay PluginManagerOptionPane BufferPrinter1_4 Roster.Operation HyperSearchResults.CollapseChildTreeNodesAction TextAreaOptionPane.FontList.FontItemRenderer PrinterDialog.AdvancedPanel.ChromaticityCellRenderer KeyboardCommand WindowTableModel.Entry OneTimeMigrationService PrinterDialog ColorWellButton.ActionHandler EncodingsOptionPane ActionListHandler EnhancedMenuItem FileOpenerService BufferPrinter1_3 AbstractContextOptionPane.MenuItem DirectoryProvider PluginList.PluginSet KeymapManagerImpl SelectLineRange InstallPanel.SizeLabel Log PluginList PrinterDialog.PageSetupPanel.FinishingCellRenderer ToolBarOptionPane.ListHandler JEditHistoryModelSaver Margins AbstractContextOptionPane VariableGridLayout ContextAddDialog PrinterDialog.PageSetupPanel.OrientationCellRenderer SaveBackupOptionPane ToolBarOptionPane.ButtonCellRenderer JEditKillRing PerspectiveManager.PerspectiveHandler PrinterDialog.PageSetupPanel.SidesCellRenderer ServiceManager.Descriptor ToolBarOptionPane.IconCellRenderer JEditRichText LogViewer.ColorizerCellRenderer ManagePanel.RestoreButton ShortcutsOptionPane.TableMouseHandler IconTheme HelpTOCLoader.TOCHandler BrowserColorsOptionPane HyperSearchResults.ActionHandler FontSelectorDialog NumericTextField Handler AddModeDialog HyperSearchResults.ExpandChildTreeNodesAction Debug PrinterDialog.GeneralPanel RecentFilesProvider CloseDialog.ListHandler PrinterDialog.GeneralPanel.PrintServiceCellRenderer ContextOptionPane LogViewer ManagePanel.ManagePanelRestoreHandler FilesChangedDialog ManagePanel.RemoveButton GenericGUIUtilities PluginJAR.PluginCacheEntry BrowserColorsOptionPane.MouseHandler InstallPanel.TableFocusHandler PrinterDialog.Priority SettingsXML IOUtilities PingPongList.MyListDataListener InstallPanel.KeyboardAction HyperSearchResults.TreeNodeCallbackAdapter StandardUtilities.StringCompare KeymapManager.State JEditRegisterSaver.RegistersHandler RolloverButton EditPlugin.Deferred JEditTrayIcon PluginManagerProgress.RosterThread HoverSetStatusMouseHandler Log.LogPrintStream PluginList.Plugin FontSelector EditModesPane CopyFileWorker.Behavior InstallPanel.Entry ManagePanel.TextRenderer PropertiesBean StatusBarOptionPane.WidgetListCellRenderer SyntaxHiliteOptionPane ToolBarEditDialog.ActionHandler ShortcutsOptionPane.KeymapCellRenderer PrinterDialog.AdvancedPanel.QualityCellRenderer PropertyManager HyperSearchResults.CopyToClipboardAction ModeProvider EditPlugin JEditActionSet PluginManagerOptionPane.MirrorModel ColorWellButton.ColorWell HyperSearchTreeNodeCallback ModeSettingsPane EnhancedCheckBoxMenuItem HyperSearchResults.ResultTreeTransferHandler Keymap ManagePanel.HeaderMouseHandler HyperSearchResults.GoToNodeAction AutoDetection.Result PingPongList.MyTransferable UndoPane ManagePanel.TableSelectionListener ManagePanel.KeyboardAction PrinterDialog.MyButtonGroup LogViewer.ActionHandler GUIUtilities.UnixWorkaround MiscUtilities ToolBarOptionPane.Button ManagePanel.SaveButton PingPongList.ActionHandler JTrayIcon BufferOptionPane.ActionHandler AboutDialog ViewOptionPane SplashScreen HyperSearchResults.ToStringNodes ManagePanel.EntryCompare OperatingSystem ShortcutsOptionPane.KeymapsModel FilteredListModel StringList View.ViewConfig AbstractContextOptionPane.MenuItemCompare ManagePanel.HideLibrariesButton ErrorListDialog.ErrorEntry JARClassLoader IntegerInputVerifier HyperSearchResults.ResultCellRenderer PingPongList EditingOptionPane BrowserContextOptionPane BrowserCommandsMenu.ActionHandler HyperSearchResults.KeyHandler ShortcutsOptionPane.ShortcutsModel JEditSwingTrayIcon InstallPanel.TextRenderer PrinterDialog.jEditPanel Log.LogOutputStream Autosave PluginManagerProgress JTrayIcon.MyMouseListener BufferHistory HyperSearchResults PluginManager.ListUpdater StatusBarOptionPane.WidgetSelectionDialog AddModeDialog.ActionHandler CopyFileWorker FontSelectorDialog.ListHandler JEditAbstractEditAction GUIUtilities PluginList.Branch ServiceManager.ServiceFoldHandlerProvider XMLEncodingDetector AbstractContextOptionPane.ActionHandler EnhancedMenu InstallPanel.ChoosePluginSet PrinterDialog.JobPanel ColorChooserDialog EnhancedButton ToolBarOptionPane.ActionHandler SettingsXML.Saver FontSelectorDialog.ActionHandler KeymapMigration AboutDialog.AboutPanel HelpTOCLoader InstallPanel.StringMapHandler TextAreaOptionPane.FontList Roster.Install MemoryStatusWidgetFactory.MemoryStatus StatusBarOptionPane.ListHandler PanelWindowContainer.DockableWindowCompare HyperSearchResults.RemoveTreeNodeAction BufferOptionPane BrowserColorsModel.Entry ErrorListDialog.JTextPaneSized ManagePanel.FindOrphan jEdit.JEditPropertyManager Mode JEditMode MiscUtilities.VarCompressor CheckFileStatus PluginJAR DockingOptionPane ManagePanel SaveBackupOptionPane.MyActionListener RolloverButton.MouseOverHandler ModeSettingsPane.ActionHandler MacrosProvider PluginManagerOptionPane.SingleSelectionModel KeymapFileFilter ModeCatalogHandler EditPlugin.Broken Roster.Remove GUIUtilities.UnixWorkaround.ComponentHandler HelpTOCLoader.PluginCompare EditModesPane.MyListSelectionListener ServiceManager EditModesPane.MyCellRenderer FontSelector.ActionHandler DockableWindowFactory.DockableListHandler InstallPanel.PluginInfoBox Roster BrowserColorsModel JEditSwingTrayIcon.MyActionListener ActionSet ManagePanel.HeaderMouseHandler.CleanupActionListener BufferHistory.Entry InstallPanel.SelectallButton PingPongList.MyTransferHandler LogViewer.LogSettings PluginResURLConnection RichTextTransferable DockingOptionPane.DockPositionCellRenderer JTrayIconManager JEditKillRing.KillRingHandler SaveBackupOptionPane.MyActionListener2 ManagePanel.TableFocusHandler BrowserColorsOptionPane.ActionHandler FileCellRenderer.ExpansionToggleBorder KillRing Reverse VFSManager.ErrorDisplayer ErrorListDialog.ActionHandler LogViewer.ListHandler BufferHistory.RecentHandler GeneralOptionPane.LangCellRenderer JEditSwingTrayIcon.MyMouseAdapter AbstractContextOptionPane.ListHandler PluginDetailPanel JARClassLoader.SingleElementEnumeration FilesChangedDialog.TreeHandler StatusBarOptionPane PingPongList.MyListModel InstallPanel.ClearPluginSet FilteredTableModel StatusBarOptionPane.ActionHandler TextAreaOptionPane PrinterDialog.PrinterPanel EditModesPane.ActionHandler PluginsProvider PluginList.Dependency jEdit DockableWindowFactory.Window PluginListHandler HelpTOCLoader.HelpNode GUIUtilities.UnixWorkaround.WindowHandler GutterOptionPane PluginManagerProgress.WindowHandler TipOfTheDay.ActionHandler AppearanceOptionPane GeneralOptionPane ShortcutsOptionPane XMLUtilities PrinterDialog.PageSetupPanel LogViewer.MyFilteredListModel WindowTableModel FirewallOptionPane BrowserColorsOptionPane.SelectionHandler ToolBarOptionPane.IconListEntry BrowserOptionPane PerspectiveManager ToolBarEditDialog.ActionSetCompare FilesChangedDialog.ActionHandler Log.LogListModel ServiceListHandler KeymapManager SyntaxHiliteOptionPane.StyleTableModel PrinterDialog.AdvancedPanel DockableWindowFactory InstallPanel.PluginTableModel ModeSettingsPane.ModeProperties HyperSearchResults.MouseHandler InstallPanel.HeaderMouseHandler ToolBarOptionPane ManagePanel.Entry KeymapImpl DynamicMenuProvider FirewallOptionPane.ActionHandler VariableGridLayout.LayoutSize InstallPanel.HeaderRenderer TextAreaDialog.ActionHandler HyperSearchResults.ResultCellRenderer.CountNodes GUIUtilities.SizeSaver AbstractOptionPane ShortcutsOptionPane.HeaderMouseHandler PluginManagerProgress.ActionHandler CloseDialog.ActionHandler TextAreaDialog CloseDialog ShortcutsOptionPane.ActionHandler InstallPanel.EntryCompare InstallPanel.InstallButton PluginManager.ActionHandler MouseOptionPane LargeFilesOptionPane ViewOptionPane.ActionHandler DockableWindowManager.KeyHandler HyperSearchResults.RemoveAllTreeNodesAction JEditRegisterSaver PrintOptionPane StatusBarOptionPane.WidgetSelectionDialog.ActionHandler ToolBarEditDialog ContextAddDialog.ActionHandler JTrayIcon.MyPopupMenuListener ManagePanel.PluginTableModel InstallPanel ColorWellButton ManagePanel.HelpButton MigrationService RegisterViewer.Renderer BrowserColorsModel.ColorRenderer EditServer MemoryStatusWidgetFactory.MemoryStatus.MouseHandler EnhancedCheckBoxMenuItem.Model ToolBarOptionPane.ButtonCompare PluginJAR.PluginDepends
11,Dialog-Handler-Key,Dialog-Handler-Key,Mutable List Model Enhanced Dialog Key Handler Default Input Handler Provider Abstract Input Handler Grab Key Dialog Input Pane Paste From List Dialog Renderer Grab Key Dialog Error List Dialog Paste From List Dialog Paste From List Dialog Action Handler Input Handler Provider Key Event Translator Key Enhanced Dialog Text Area Input Handler Paste From List Dialog List Handler Enhanced Dialog Window Handler Enhanced Dialog Container Handler Key Event Translator Key Event Workaround Grab Key Dialog Key Binding Shortcut Prefix Active Event Grab Key Dialog Action Handler Paste From List Dialog Mouse Handler,MutableListModel EnhancedDialog.KeyHandler DefaultInputHandlerProvider AbstractInputHandler GrabKeyDialog.InputPane PasteFromListDialog.Renderer GrabKeyDialog ErrorListDialog PasteFromListDialog PasteFromListDialog.ActionHandler InputHandlerProvider KeyEventTranslator.Key EnhancedDialog TextAreaInputHandler PasteFromListDialog.ListHandler EnhancedDialog.WindowHandler EnhancedDialog.ContainerHandler KeyEventTranslator KeyEventWorkaround GrabKeyDialog.KeyBinding ShortcutPrefixActiveEvent GrabKeyDialog.ActionHandler PasteFromListDialog.MouseHandler
12,Help-Panel-Handler,Help-Panel-Handler,Help Viewer Link Handler Help TOC Panel TOC Tree Native ASCII Encoding Native ASCII Reader Help Search Panel Result Icon Files Changed Dialog Renderer Help Viewer Interface Native ASCII Encoding Help Index Help Viewer Mouse Handler Regex Encoding Detector Help Viewer Help Search Panel Action Handler Help History Model Listener Help Viewer Action Handler Encoding Help Index Word Occurrence Enhanced Tree Cell Renderer Encoding With BO Charset Encoding Help Search Panel Mouse Handler Encoding Server Help TOC Panel Help Search Panel Result History Button Drop Action Handler Help History Model History Button History List Action Handler Help Search Panel Result Renderer Help TOC Panel TOC Cell Renderer History Button Help Index Help File Help Search Panel Result Compare Help Viewer Key Handler Help Index Word Help Viewer Property Change Handler Help Search Panel Help History Model History Entry,HelpViewer.LinkHandler HelpTOCPanel.TOCTree Native2ASCIIEncoding.Native2ASCIIReader HelpSearchPanel.ResultIcon FilesChangedDialog.Renderer HelpViewerInterface Native2ASCIIEncoding HelpIndex HelpViewer.MouseHandler RegexEncodingDetector HelpViewer HelpSearchPanel.ActionHandler HelpHistoryModelListener HelpViewer.ActionHandler Encoding HelpIndex.Word.Occurrence EnhancedTreeCellRenderer EncodingWithBOM CharsetEncoding HelpSearchPanel.MouseHandler EncodingServer HelpTOCPanel HelpSearchPanel.Result HistoryButton.DropActionHandler HelpHistoryModel HistoryButton.HistoryListActionHandler HelpSearchPanel.ResultRenderer HelpTOCPanel.TOCCellRenderer HistoryButton HelpIndex.HelpFile HelpSearchPanel.ResultCompare HelpViewer.KeyHandler HelpIndex.Word HelpViewer.PropertyChangeHandler HelpSearchPanel HelpHistoryModel.HistoryEntry
13,Print-Token-Handler,Print-Token-Handler,Buffer Printer Token Handler Print Preview Pane Buffer Printable Print Tab Expander Chunk Font Substitution Syntax Style Syntax Utilities Basic Print Preview Pane U Hyper Search Results Highlighting Tree Basic Print Preview Pane U Print Preview Renderer Display Token Handler Line Breaker Numeric Text Field Float Document Filter Range Mouse Actions Syntax Hilite Option Pane Style Table Model Style Choice Token Marker Syntax Hilite Option Pane Mouse Handler Bracket Indent Rule Line Scanner Keyword Map Keyword Numeric Text Field Integer Document Filter Dummy Token Handler Print Preview Model X Mode Handler Tag Decl Syntax Hilite Option Pane Style Table Model Style Renderer Buffer Printable Token Marker Line Context Keyword Map Style Editor Default Token Handler I Property Manager Chunk Glyph Cache Token Buffer Printable Segment Char Sequence Parser Rule Set Buffer Printable Print Tab Expander Regexp Indent Rule Token Filter Display Token Handler Line Break Iterator X Mode Handler Print Range Type Print Preview Pane U Chunk Glyph Key Parser Rule Print Preview Model Zoom Deep Indent Rule Parens Display Token Handler Chunk Html Utilities Print Preview,BufferPrinter1_7 TokenHandler PrintPreviewPane BufferPrintable1_7.PrintTabExpander Chunk.FontSubstitution SyntaxStyle SyntaxUtilities BasicPrintPreviewPaneUI HyperSearchResults.HighlightingTree BasicPrintPreviewPaneUI.PrintPreviewRenderer DisplayTokenHandler.LineBreaker NumericTextField.FloatDocumentFilter Range MouseActions SyntaxHiliteOptionPane.StyleTableModel.StyleChoice TokenMarker SyntaxHiliteOptionPane.MouseHandler BracketIndentRule.LineScanner KeywordMap.Keyword NumericTextField.IntegerDocumentFilter DummyTokenHandler PrintPreviewModel XModeHandler.TagDecl SyntaxHiliteOptionPane.StyleTableModel.StyleRenderer BufferPrintable1_7 TokenMarker.LineContext KeywordMap StyleEditor DefaultTokenHandler IPropertyManager Chunk.GlyphCache Token BufferPrintable SegmentCharSequence ParserRuleSet BufferPrintable.PrintTabExpander RegexpIndentRule.TokenFilter DisplayTokenHandler.LineBreakIterator XModeHandler PrintRangeType PrintPreviewPaneUI Chunk.GlyphKey ParserRule PrintPreviewModel.Zoom DeepIndentRule.Parens DisplayTokenHandler Chunk HtmlUtilities PrintPreview
14,BSH-Class-Bsh,BSH-Class-Bsh,Class Identifier X This Handler BSH Typed Variable Declaration Reflect Manager LH Class Generator Impl Bsh Iterator Class Generator J Edit Bean Shell Action My Bean Shell Facade Bsh Class Path Ambiguous Name Parse Exception Parser Token Manager Bsh Class Path Jar Class Source Parser Lookahead Success Primitive BSH Formal Parameters Bsh Class Manager Listener BSH While Statement BSH Ambiguous Name Class Visitor BSH Assignment BSH Try Statement J Edit Bean Shell Action Class Generator Util J This Return Control BSH Block BSH Primary Expression BSH Array Dimensions Variable Console Interface Bean Shell My Bean Shell Facade BSH Cast Expression Reflect BSH Arguments BSH Throw Statement BSH Switch Label Simple Node Bsh Class Loader Constants Token Mgr Error Collection Manager Parser BSH Method Invocation Name Space Primitive Special Bsh Class Manager Command Line Reader BSH Variable Declarator BSH Return Type Reflect Error Discrete Files Class Loader Class Source Map Parser Tree Constants Bsh Class Manager Signature Key String Util BSH Return Statement BSH Package Declaration BSH Enhanced For Statement JJT Parser State Class Path Listener Java Char Stream Discrete Files Class Loader Eval Error Parser Constants Bsh Class Path Dir Class Source Bsh Class Path BSH Primary Suffix BSH If Statement Code Visitor Interpreter Reflect Manager Impl Name Source Listener Class Generator Impl Class Node Filter Call Stack BSH Method Declaration BSH Array Initializer BSH Ternary Expression Util Target Error BSH For Statement External Name Space BSH Literal Collection Manager Impl BSH Binary Expression Type Class Manager Impl BSH Primitive Type BSH Import Declaration BSH Class Declaration Bsh Class Path Unqualified Name Table This Class Generator Util Constructor Args Bsh Method BSH Block Node Filter Block Name Space BSH Statement Expression List Modifiers Bsh Class Path Generated Class Source Class Path Exception Collection Iterator Interpreter Error BSH Type BSH Formal Comment Capabilities Unavailable Name Space Command Path Entry Collection Manager Basic Bsh Iterator BSH Unary Expression Node Delayed Eval Bsh Method BSH Allocation Expression Util Eval Error Types Target Error Name Bsh Class Path Mapping Feedback Capabilities Name Source BSH Formal Parameter Bean Shell Facade Bsh Class Path Class Source X This BSH Switch Statement,ClassIdentifier XThis.Handler BSHTypedVariableDeclaration ReflectManager LHS ClassGeneratorImpl BshIterator ClassGenerator JEditBeanShellAction.MyBeanShellFacade BshClassPath.AmbiguousName ParseException ParserTokenManager BshClassPath.JarClassSource Parser.LookaheadSuccess Primitive BSHFormalParameters BshClassManager.Listener BSHWhileStatement BSHAmbiguousName ClassVisitor BSHAssignment BSHTryStatement JEditBeanShellAction ClassGeneratorUtil JThis ReturnControl BSHBlock BSHPrimaryExpression BSHArrayDimensions Variable ConsoleInterface BeanShell.MyBeanShellFacade BSHCastExpression Reflect BSHArguments BSHThrowStatement BSHSwitchLabel SimpleNode BshClassLoader Constants TokenMgrError CollectionManager Parser BSHMethodInvocation NameSpace Primitive.Special BshClassManager CommandLineReader BSHVariableDeclarator BSHReturnType ReflectError DiscreteFilesClassLoader.ClassSourceMap ParserTreeConstants dir BshClassManager.SignatureKey StringUtil BSHReturnStatement BSHPackageDeclaration BSHEnhancedForStatement JJTParserState ClassPathListener JavaCharStream DiscreteFilesClassLoader EvalError ParserConstants BshClassPath.DirClassSource BshClassPath BSHPrimarySuffix BSHIfStatement CodeVisitor Interpreter ReflectManagerImpl NameSource.Listener ClassGeneratorImpl.ClassNodeFilter CallStack BSHMethodDeclaration BSHArrayInitializer BSHTernaryExpression UtilTargetError BSHForStatement ExternalNameSpace BSHLiteral CollectionManagerImpl BSHBinaryExpression Type ClassManagerImpl BSHPrimitiveType BSHImportDeclaration BSHClassDeclaration BshClassPath.UnqualifiedNameTable This ClassGeneratorUtil.ConstructorArgs BshMethod BSHBlock.NodeFilter BlockNameSpace BSHStatementExpressionList Modifiers BshClassPath.GeneratedClassSource ClassPathException CollectionIterator InterpreterError BSHType BSHFormalComment Capabilities.Unavailable NameSpace.CommandPathEntry CollectionManager.BasicBshIterator BSHUnaryExpression Node DelayedEvalBshMethod BSHAllocationExpression UtilEvalError Types TargetError Name BshClassPath.MappingFeedback Capabilities NameSource BSHFormalParameter BeanShellFacade BshClassPath.ClassSource XThis BSHSwitchStatement
15,VFS-Browser-Task,VFS-Browser-Task,VFS Browser Menu Button Mouse Handler VFS Manager VFS Browser History Combo Box Editor VFS File File Properties Dialog Button Action Handler Awt Runnable Queue Run Requests In AWT Thread VFS Browser VFS Browser Favorites Menu Button Mirror List Mk Dir Browser Task VFS Browser Browser Action Context VFS File Chooser Dialog File VF VFS Browser Directories Only Filter Buffer Set Name Sorter Action Context Thread Utilities Count Down Latch Runnable Favorites Provider Buffer Autosave Request VFS File Chooser Dialog Browser Handler Mirror List Mirror Buffer Load Request Edit Action Wrapper Mirror List Handler VFS File Chooser Dialog Action Handler VFS Browser VFS File Filter Renderer VFS Directory Entry Table Model Extended Attribute Task Listener VFS Directory Entry Table Browser View VFS Browser Menu Button Action Encoding With BO Detector Task Manager VFS Directory Entry Table Column Handler Encoding Detector File Roots VF VFS Browser Menu Button Browser View Table Mouse Handler Buffer Insert Request List Directory Browser Task Url VF VF Session Getter VFS Directory Entry Table Model Entry VFS Browser Commands Menu Button Hyper Search Results Result Visitor Plugin Manager Option Pane Action Handler Abstract Browser Task File Properties Dialog Hyper Search Results Buffer Closed Visitor File Cell Renderer Favorites VF Local File Save Task Buffer Switcher Buffer Switcher Transferable J Edit Action Context Task Manager My Task VFS Directory Entry Table Mouse Handler Task Monitor Task Cell Renderer Progress Observer Marker VF Directory Entry Compare Browser Listener Rename Browser Task Browser View Parent Directory List Buffer Switcher Buffer Transferable Data Buffer IO Request Buffer Set Adapter File Roots VF Root VFS Browser Plugins Menu Button VFS Directory Entry Table Header Renderer VFS Manager Send VFS Updates Safely Hyper Search Request Mirror List Mirror Compare Browser View Parent Mouse Handler Task Manager Task Visitor List VFS File Transferable Buffer List Set Direction Thread Utilities VFS File Chooser Dialog Get File Type Request Browser View Loading Placeholder Buffer Save Request Task Monitor Buffer Changing Markers Provider Markers Menu Item VF Favorites VF Favorite Abstract Browser Task My Task Listener Browser View Parent Directory Renderer VFS Directory Entry Table Column Drag Hook VFS Browser Favorites Menu Button Action Handler Markers Provider Plugin Manager Option Pane Update Mirrors Thread Task Monitor Task Table Model Segment Buffer Browser Commands Menu Awt Runnable Queue Task Monitor Task Table Editor VFS Browser Action Handler Buffer Undo Listener VFS Browser Delayed End Request Buffer Set Path Sorter VFS Directory Entry Table Model Glob VFS File Filter Buffer VFS File Filter Markers Save Request Hyper Search Result Occur Task Task Monitor Widget Factory Task Monitor Widget VF Color Entry VFS File Chooser Dialog Io Task Handler Menu Item Text Comparator VFS Directory Entry Table Clear Type Select Edit Firewall Authenticator Browser View Table Key Listener VFS Directory Entry Table Main Mouse Handler Task Adapter VFS File Name Field Hyper Search Results Buffer Loaded Visitor Auto Detection VFS Directory Entry Table Model Entry Compare Delete Browser Task Io Task Hyper Search Result File VF Local File,VFSBrowser.MenuButton.MouseHandler VFSManager VFSBrowser.HistoryComboBoxEditor VFSFile FilePropertiesDialog.ButtonActionHandler AwtRunnableQueue.RunRequestsInAWTThread VFSBrowser VFSBrowser.FavoritesMenuButton MirrorList MkDirBrowserTask VFSBrowser.BrowserActionContext VFSFileChooserDialog FileVFS VFSBrowser.DirectoriesOnlyFilter BufferSet.NameSorter ActionContext ThreadUtilities.CountDownLatchRunnable FavoritesProvider BufferAutosaveRequest VFSFileChooserDialog.BrowserHandler MirrorList.Mirror BufferLoadRequest EditAction.Wrapper MirrorListHandler VFSFileChooserDialog.ActionHandler VFSBrowser.VFSFileFilterRenderer VFSDirectoryEntryTableModel.ExtendedAttribute TaskListener VFSDirectoryEntryTable BrowserView VFSBrowser.MenuButton.Action EncodingWithBOM.Detector TaskManager VFSDirectoryEntryTable.ColumnHandler EncodingDetector FileRootsVFS VFSBrowser.MenuButton BrowserView.TableMouseHandler BufferInsertRequest ListDirectoryBrowserTask UrlVFS VFS.SessionGetter VFSDirectoryEntryTableModel.Entry VFSBrowser.CommandsMenuButton HyperSearchResults.ResultVisitor PluginManagerOptionPane.ActionHandler AbstractBrowserTask FilePropertiesDialog HyperSearchResults.BufferClosedVisitor FileCellRenderer FavoritesVFS LocalFileSaveTask BufferSwitcher.BufferSwitcherTransferable JEditActionContext TaskManager.MyTask VFSDirectoryEntryTable.MouseHandler TaskMonitor.TaskCellRenderer ProgressObserver Marker VFS.DirectoryEntryCompare BrowserListener RenameBrowserTask BrowserView.ParentDirectoryList BufferSwitcher.BufferTransferableData BufferIORequest BufferSetAdapter FileRootsVFS.Root VFSBrowser.PluginsMenuButton VFSDirectoryEntryTable.HeaderRenderer VFSManager.SendVFSUpdatesSafely HyperSearchRequest MirrorList.MirrorCompare BrowserView.ParentMouseHandler TaskManager.TaskVisitor ListVFSFileTransferable BufferListSet.Direction ThreadUtilities VFSFileChooserDialog.GetFileTypeRequest BrowserView.LoadingPlaceholder BufferSaveRequest TaskMonitor BufferChanging MarkersProvider.MarkersMenuItem VFS FavoritesVFS.Favorite AbstractBrowserTask.MyTaskListener BrowserView.ParentDirectoryRenderer VFSDirectoryEntryTable.ColumnDragHook VFSBrowser.FavoritesMenuButton.ActionHandler MarkersProvider PluginManagerOptionPane.UpdateMirrorsThread TaskMonitor.TaskTableModel SegmentBuffer BrowserCommandsMenu AwtRunnableQueue TaskMonitor.TaskTableEditor VFSBrowser.ActionHandler BufferUndoListener VFSBrowser.DelayedEndRequest BufferSet.PathSorter VFSDirectoryEntryTableModel GlobVFSFileFilter Buffer VFSFileFilter MarkersSaveRequest HyperSearchResult.Occur Task TaskMonitorWidgetFactory.TaskMonitorWidget VFS.ColorEntry VFSFileChooserDialog.IoTaskHandler MenuItemTextComparator VFSDirectoryEntryTable.ClearTypeSelect jEdit.FirewallAuthenticator BrowserView.TableKeyListener VFSDirectoryEntryTable.MainMouseHandler TaskAdapter VFSFileNameField HyperSearchResults.BufferLoadedVisitor AutoDetection VFSDirectoryEntryTableModel.EntryCompare DeleteBrowserTask IoTask HyperSearchResult FileVFS.LocalFile
16,Text-Area-Handler,Text-Area-Handler,Text Area Transfer Handler Text Area Selection Text Area Drop Handler Page Break Extension Register Saver Text Area Transfer Handler Extension Manager Entry Fold Handler Buffer Listener Paste Special Dialog Edit Pane Marker Highlight Errors Widget Factory Error Dialog J Edit Transferable Service Range Map Content Manager Text Area Transfer Handler Dragged URL Loader Display Manager Mutable Integer Indent Action Collapse Gutter Text Area Line Character Breaker Char Iterator Indent Action No Increase Text Area Rect Params Input Method Support Chunk Cache Mouse Handler Text Area Exception Text Area Painter Text Area Mouse Handler Buffer Handler Text Area Adjust Handler Regexp Indent Rule Open Bracket Indent Rule Undo Manager Edit Undo Manager Compound Edit Indent Action Align Offset Anchor J Edit Buffer Column Block Position Manager Pos Top Half Registers Scroll Layout Indent Action Decrease Mouse Actions Provider Text Area Position Manager Pos Bottom Half Fold Handler Provider String Transferable Service Structure Matcher Match Text Area Extension Gutter Popup Handler Circle Fold Painter Whitespace Rule Deep Indent Rule Structure Matcher Highlight Extension Manager Errors Widget Factory Error Dialog My Action Listener Scroll Listener Close Bracket Indent Rule Align Bracket Column Block Line J Edit Buffer Prop Value Indent Action Structure Matcher Bracket Matcher J Edit Transferable Indent Action Reset Anti Alias Elastic Tab Stop Buffer Listener Bracket Indent Rule Dummy Fold Handler Close Bracket Indent Rule Elastic Tabstops Tab Expander Indent Fold Handler Indent Rule Factory Undo Manager Text Utilities Text Area Request Focus Layer U Indent Rule Transfer Handler Dynamic Context Menu Service Status Listener Text Area Painter Paint Text Standard Utilities Standalone Text Area First Line Bracket Indent Rule Brackets Integer Array Standalone Text Area Standalone Action Set Undo Manager Insert Text Area Painter Paint Selection Text Text Area Focus Handler Indent Action Align Parameter Text Area Painter Paint Line Background Text Area Mutable Caret Event Complete Word Completion Structure Matcher Text Area Border Text Area Painter Paint Caret Text Area Line Character Breaker Emacs Util Window Table Model Window Compare Triangle Fold Painter Text Area Mouse Wheel Handler Text Area Painter Paint Selection Rich J Edit Text Transferable Service Position Changing Text Area Painter Paint Wrap Guide Selection Range Registers Default Register Selection Length Widget Factory Selection Length Widget Selection Length Register Viewer List Handler Undo Manager Remove Selection Manager Chunk Cache Line Info Scroll Line Count Registers Listener Indent Action Increase Default Fold Handler Provider J Edit Buffer Listener Selection Abbrevs Expansion Screen Line Manager Fold Painter Search Bar Document Handler Square Fold Painter Registers Register J Edit Embedded Text Area Complete Word Shaped Fold Painter Shortcuts Option Pane Shortcuts Model Key Compare View Scroll Handler Registers Clipboard Register J Edit Text Area Explicit Fold Handler Line Manager Selection Length Widget Factory Selection Length Widget Text Area Caret Blinker Display Manager Buffer Segment Buffer Adapter Selection Rect Undo Manager Replace Undo Manager Compressed Replace Gutter Mouse Handler Position Manager Abbrevs Edit Pane Caret Info,TextAreaTransferHandler.TextAreaSelection TextAreaDropHandler PageBreakExtension RegisterSaver TextAreaTransferHandler ExtensionManager.Entry FoldHandler BufferListener PasteSpecialDialog EditPane.MarkerHighlight ErrorsWidgetFactory.ErrorDialog JEditTransferableService RangeMap ContentManager TextAreaTransferHandler.DraggedURLLoader DisplayManager.MutableInteger IndentAction.Collapse Gutter TextArea.LineCharacterBreaker.CharIterator IndentAction.NoIncrease TextArea.RectParams InputMethodSupport ChunkCache MouseHandler TextAreaException TextAreaPainter TextAreaMouseHandler BufferHandler TextArea.AdjustHandler RegexpIndentRule OpenBracketIndentRule UndoManager.Edit UndoManager.CompoundEdit IndentAction.AlignOffset Anchor JEditBuffer ColumnBlock PositionManager.PosTopHalf Registers ScrollLayout IndentAction.Decrease MouseActionsProvider TextArea PositionManager.PosBottomHalf FoldHandlerProvider StringTransferableService StructureMatcher.Match TextAreaExtension GutterPopupHandler CircleFoldPainter WhitespaceRule DeepIndentRule StructureMatcher.Highlight ExtensionManager ErrorsWidgetFactory.ErrorDialog.MyActionListener ScrollListener CloseBracketIndentRule.AlignBracket ColumnBlockLine JEditBuffer.PropValue IndentAction StructureMatcher.BracketMatcher JEditTransferable IndentAction.Reset AntiAlias ElasticTabStopBufferListener BracketIndentRule DummyFoldHandler CloseBracketIndentRule ElasticTabstopsTabExpander IndentFoldHandler IndentRuleFactory UndoManager TextUtilities TextArea.RequestFocusLayerUI IndentRule TransferHandler DynamicContextMenuService StatusListener TextAreaPainter.PaintText StandardUtilities StandaloneTextArea FirstLine BracketIndentRule.Brackets IntegerArray StandaloneTextArea.StandaloneActionSet UndoManager.Insert TextAreaPainter.PaintSelectionText TextArea.FocusHandler IndentAction.AlignParameter TextAreaPainter.PaintLineBackground TextArea.MutableCaretEvent CompleteWord.Completion StructureMatcher TextAreaBorder TextAreaPainter.PaintCaret TextArea.LineCharacterBreaker EmacsUtil WindowTableModel.WindowCompare TriangleFoldPainter TextArea.MouseWheelHandler TextAreaPainter.PaintSelection RichJEditTextTransferableService PositionChanging TextAreaPainter.PaintWrapGuide Selection.Range Registers.DefaultRegister SelectionLengthWidgetFactory.SelectionLengthWidget.SelectionLength RegisterViewer.ListHandler UndoManager.Remove SelectionManager ChunkCache.LineInfo ScrollLineCount RegistersListener IndentAction.Increase DefaultFoldHandlerProvider JEditBuffer.Listener Selection Abbrevs.Expansion ScreenLineManager FoldPainter SearchBar.DocumentHandler SquareFoldPainter Registers.Register JEditEmbeddedTextArea CompleteWord ShapedFoldPainter ShortcutsOptionPane.ShortcutsModel.KeyCompare View.ScrollHandler Registers.ClipboardRegister JEditTextArea ExplicitFoldHandler LineManager SelectionLengthWidgetFactory.SelectionLengthWidget TextArea.CaretBlinker DisplayManager BufferSegment BufferAdapter Selection.Rect UndoManager.Replace UndoManager.CompressedReplace Gutter.MouseHandler PositionManager Abbrevs EditPane.CaretInfo
17,Widget-Handler-Factory,Widget-Handler-Factory,Buffer Set Manager Edit Pane Errors Widget Factory Error Widget Fold Widget Factory Fold Widget Locked Widget Factory Completion Popup Window Focus Handler Completion Popup Candidates Bean Shell Error Dialog VFS Path Selected Wrap Widget Factory Hyper Search Results New Search Action Hyper Search File Node Buffer Switcher Combo Box Transfer Handler Hyper Search Folder Node Buffer Options Macros Macro Status Widget Factory Task Monitor Widget Factory View Window Handler Search File Set Action Bar Completion Popup Mouse Handler Clock Widget Factory Clock Mode Widget Factory Search Dialog Focus Order Buffer Set Widget Factory Buffer Set Widget Dockable Window Buffer Set List Model Editor Search Dialog Tool Bar Manager Wrap Widget Factory Wrap Widget Multi Select Widget Factory Clock Widget Factory Clock Widget Settings Reloader Action Bar Action Text Field Marker Viewer Key Handler View Buffer Switcher Marker Viewer Mouse Handler Bean Shell Register Viewer Focus Handler Search Dialog Replace Action Handler Completion Popup Candidate List Model Search Settings Changed Recent Directories Provider Register Viewer Tab Handler Editor Exiting Default Input Handler Selection Length Widget Factory Edit Pane Status Handler Macros View My Focus Traversal Policy Macros Bean Shell Handler Search Dialog Multi File Action Handler Clock Widget Factory Search Dialog Settings Action Handler Register Viewer Insert Handler All Buffer Set Completion Popup Mouse Handler Line Sep Widget Factory Line Sep Widget Completion Popup Key Handler Fold Widget Factory Indent Widget Factory Indent Widget Edit Pane Update Register Viewer Register Viewer Mouse Handler Search Bar Key Handler Properties Changed Edit Bus History Text Field Edit Bus EB Message Handler Marker Viewer Renderer Buffer List Set Completion Popup J Edit Registers Listener Buffer Set Listener Search And Replace Action Bar Completion Popup Completion List Search Dialog Button Action Handler Current Buffer Set J Edit Visitor Adapter Search Bar Action Handler Editor Exit Requested Widget Encoding Widget Factory Encoding Widget History Text Edit Docking Layout Setter Hyper Search Results Tree Display Action Bean Shell Action Dockable Window Factory Window Open Action Hyper Search Operation Node Multi Select Widget Factory Multi Select Widget Status Bar Task Handler Status Bar Save Caret Info Visitor Edit Bus Send Message Search Bar History Text Field Mouse Handler Dockable Window Factory Window Float Action Hyper Search Result Goto Delayed History Text Field History Border Register Viewer Escape Handler Edit My Focus Manager EB Message Hyper Search Node Line Sep Widget Factory View Update Errors Widget Factory Error Highlight Action Bar Document Handler Mode Widget Factory Mode Widget Docking Layout Manager Load Perspective Action Buffer Set Widget Factory Macros Recorder Dynamic Menu Changed Directory List Set Register Viewer Clear Handler Search Matcher Action Bar Dockable Window Factory Window Toggle Action Edit Bus Handler List J Edit Visitor History Text Area Rect Select Widget Factory View Focus Handler EB Component Marker Viewer Boyer Moore Search Matcher Reverse Char Sequence Last Modified Widget Factory Last Modified Widget Last Modified Widget Factory Overwrite Widget Factory Overwrite Widget Completion Popup Cell Renderer Memory Status Widget Factory Memory Status Widget Edit Action Search Matcher Match Buffer Switcher Buffer Switcher Transfer Handler Buffer Switcher Buffer Cell Renderer Rect Select Widget Factory Rect Select Widget Register Changed View Set Cursor Visitor Tool Tip Label Register Viewer Document Handler Buffer Printer Job Listener Macros Handler Status Bar Mouse Handler Pattern Search Matcher Errors Widget Factory Error Highlight My Mouse Adapter VFS Update Tool Bar Manager Entry Bean Shell Action Cached Bsh Method Errors Widget Factory Locked Widget Factory Locked Widget Action Bar Completion Popup Key Handler Docking Framework Provider Docking Layout Manager History Model Saver History Text Action Handler Enhanced Menu Edit Bus Stub History Model Editor Started Buffer Options Action Handler Input Handler Encoding Widget Factory Memory Status Widget Factory View Caret Handler EB Plugin Buffer Set Scope Action Bar Completion Popup Action Bar Action Handler Complete Word Words Indent Widget Factory Search Bar Focus Handler Overwrite Widget Factory Hyper Search Results Redo Search Action Buffer Update,BufferSetManager EditPane ErrorsWidgetFactory.ErrorWidget FoldWidgetFactory.FoldWidget LockedWidgetFactory CompletionPopup.WindowFocusHandler CompletionPopup.Candidates BeanShellErrorDialog VFSPathSelected WrapWidgetFactory HyperSearchResults.NewSearchAction HyperSearchFileNode BufferSwitcher.ComboBoxTransferHandler HyperSearchFolderNode BufferOptions Macros.Macro StatusWidgetFactory TaskMonitorWidgetFactory View.WindowHandler SearchFileSet ActionBar.CompletionPopup.MouseHandler ClockWidgetFactory.Clock ModeWidgetFactory SearchDialog.FocusOrder BufferSetWidgetFactory.BufferSetWidget DockableWindow BufferSet ListModelEditor SearchDialog ToolBarManager WrapWidgetFactory.WrapWidget MultiSelectWidgetFactory ClockWidgetFactory.ClockWidget SettingsReloader ActionBar.ActionTextField MarkerViewer.KeyHandler View BufferSwitcher MarkerViewer.MouseHandler BeanShell RegisterViewer.FocusHandler SearchDialog.ReplaceActionHandler CompletionPopup.CandidateListModel SearchSettingsChanged RecentDirectoriesProvider RegisterViewer.TabHandler EditorExiting DefaultInputHandler SelectionLengthWidgetFactory EditPane.StatusHandler Macros View.MyFocusTraversalPolicy Macros.BeanShellHandler SearchDialog.MultiFileActionHandler ClockWidgetFactory SearchDialog.SettingsActionHandler RegisterViewer.InsertHandler AllBufferSet CompletionPopup.MouseHandler LineSepWidgetFactory.LineSepWidget CompletionPopup.KeyHandler FoldWidgetFactory IndentWidgetFactory.IndentWidget EditPaneUpdate RegisterViewer RegisterViewer.MouseHandler SearchBar.KeyHandler PropertiesChanged EditBus HistoryTextField EditBus.EBMessageHandler MarkerViewer.Renderer BufferListSet CompletionPopup JEditRegistersListener BufferSetListener SearchAndReplace ActionBar.CompletionPopup.CompletionList SearchDialog.ButtonActionHandler CurrentBufferSet JEditVisitorAdapter SearchBar.ActionHandler EditorExitRequested Widget EncodingWidgetFactory.EncodingWidget HistoryText jEdit.DockingLayoutSetter HyperSearchResults.TreeDisplayAction BeanShellAction DockableWindowFactory.Window.OpenAction HyperSearchOperationNode MultiSelectWidgetFactory.MultiSelectWidget StatusBar.TaskHandler StatusBar SaveCaretInfoVisitor EditBus.SendMessage SearchBar HistoryTextField.MouseHandler DockableWindowFactory.Window.FloatAction HyperSearchResult.GotoDelayed HistoryTextField.HistoryBorder RegisterViewer.EscapeHandler jEdit.MyFocusManager EBMessage HyperSearchNode LineSepWidgetFactory ViewUpdate ErrorsWidgetFactory.ErrorHighlight ActionBar.DocumentHandler ModeWidgetFactory.ModeWidget DockingLayoutManager.LoadPerspectiveAction BufferSetWidgetFactory Macros.Recorder DynamicMenuChanged DirectoryListSet RegisterViewer.ClearHandler SearchMatcher ActionBar DockableWindowFactory.Window.ToggleAction EditBus.HandlerList JEditVisitor HistoryTextArea RectSelectWidgetFactory View.FocusHandler EBComponent MarkerViewer BoyerMooreSearchMatcher ReverseCharSequence LastModifiedWidgetFactory.LastModifiedWidget LastModifiedWidgetFactory OverwriteWidgetFactory.OverwriteWidget CompletionPopup.CellRenderer MemoryStatusWidgetFactory.MemoryStatusWidget EditAction SearchMatcher.Match BufferSwitcher.BufferSwitcherTransferHandler BufferSwitcher.BufferCellRenderer RectSelectWidgetFactory.RectSelectWidget RegisterChanged View.SetCursorVisitor ToolTipLabel RegisterViewer.DocumentHandler BufferPrinter1_7.JobListener Macros.Handler StatusBar.MouseHandler PatternSearchMatcher ErrorsWidgetFactory.ErrorHighlight.MyMouseAdapter VFSUpdate ToolBarManager.Entry BeanShellAction.CachedBshMethod ErrorsWidgetFactory LockedWidgetFactory.LockedWidget ActionBar.CompletionPopup.KeyHandler DockingFrameworkProvider DockingLayoutManager HistoryModelSaver HistoryText.ActionHandler EnhancedMenu.EditBusStub HistoryModel EditorStarted BufferOptions.ActionHandler InputHandler EncodingWidgetFactory MemoryStatusWidgetFactory View.CaretHandler EBPlugin BufferSet.Scope ActionBar.CompletionPopup ActionBar.ActionHandler CompleteWord.Words IndentWidgetFactory SearchBar.FocusHandler OverwriteWidgetFactory HyperSearchResults.RedoSearchAction BufferUpdate
18,CalculateSize,CalculateSize,Calculate Size,CalculateSize
19,Remote,Remote,Remote,Remote
20,JEditDataFlavor,JEditDataFlavor,J Edit Data Flavor,JEditDataFlavor
21,DropShadowBorder,DropShadowBorder,Drop Shadow Border,DropShadowBorder
22,LogViewer.LogList,LogViewer.LogList,Log Viewer Log List,LogViewer.LogList
23,ThreadAbortMonitor,ThreadAbortMonitor,Thread Abort Monitor,ThreadAbortMonitor
24,ThreadUtilities.JEditThreadFactory,ThreadUtilities.JEditThreadFactory,Thread Utilities J Edit Thread Factory,ThreadUtilities.JEditThreadFactory
