id,name,package,type
com.fsck.k9.Account,Account,com.fsck.k9,Structure
com.fsck.k9.Account.DeletePolicy,Account.DeletePolicy,com.fsck.k9,Structure
com.fsck.k9.Account.Expunge,Account.Expunge,com.fsck.k9,Structure
com.fsck.k9.Account.FolderMode,Account.FolderMode,com.fsck.k9,Structure
com.fsck.k9.Account.MessageFormat,Account.MessageFormat,com.fsck.k9,Structure
com.fsck.k9.Account.QuoteStyle,Account.QuoteStyle,com.fsck.k9,Structure
com.fsck.k9.Account.Searchable,Account.Searchable,com.fsck.k9,Structure
com.fsck.k9.Account.ShowPictures,Account.ShowPictures,com.fsck.k9,Structure
com.fsck.k9.Account.SortType,Account.SortType,com.fsck.k9,Structure
com.fsck.k9.AccountStats,AccountStats,com.fsck.k9,Structure
com.fsck.k9.BaseAccount,BaseAccount,com.fsck.k9,Structure
com.fsck.k9.Clock,Clock,com.fsck.k9,Structure
com.fsck.k9.EmailAddressValidator,EmailAddressValidator,com.fsck.k9,Structure
com.fsck.k9.FontSizes,FontSizes,com.fsck.k9,Structure
com.fsck.k9.Globals,Globals,com.fsck.k9,Structure
com.fsck.k9.Identity,Identity,com.fsck.k9,Structure
com.fsck.k9.K9,K9,com.fsck.k9,Structure
com.fsck.k9.K9.ApplicationAware,K9.ApplicationAware,com.fsck.k9,Structure
com.fsck.k9.K9.BACKGROUND_OPS,K9.BACKGROUND_OPS,com.fsck.k9,Structure
com.fsck.k9.K9.Intents,K9.Intents,com.fsck.k9,Structure
com.fsck.k9.K9.Intents.EmailReceived,K9.Intents.EmailReceived,com.fsck.k9,Structure
com.fsck.k9.K9.Intents.Share,K9.Intents.Share,com.fsck.k9,Structure
com.fsck.k9.K9.LockScreenNotificationVisibility,K9.LockScreenNotificationVisibility,com.fsck.k9,Structure
com.fsck.k9.K9.NotificationHideSubject,K9.NotificationHideSubject,com.fsck.k9,Structure
com.fsck.k9.K9.NotificationQuickDelete,K9.NotificationQuickDelete,com.fsck.k9,Structure
com.fsck.k9.K9.SplitViewMode,K9.SplitViewMode,com.fsck.k9,Structure
com.fsck.k9.K9.Theme,K9.Theme,com.fsck.k9,Structure
com.fsck.k9.NotificationSetting,NotificationSetting,com.fsck.k9,Structure
com.fsck.k9.PRNGFixes,PRNGFixes,com.fsck.k9,Structure
com.fsck.k9.PRNGFixes.LinuxPRNGSecureRandom,PRNGFixes.LinuxPRNGSecureRandom,com.fsck.k9,Structure
com.fsck.k9.PRNGFixes.LinuxPRNGSecureRandomProvider,PRNGFixes.LinuxPRNGSecureRandomProvider,com.fsck.k9,Structure
com.fsck.k9.Preferences,Preferences,com.fsck.k9,Structure
com.fsck.k9.Throttle,Throttle,com.fsck.k9,Structure
com.fsck.k9.Throttle.MyTimerTask,Throttle.MyTimerTask,com.fsck.k9,Structure
com.fsck.k9.Throttle.MyTimerTask.HandlerRunnable,Throttle.MyTimerTask.HandlerRunnable,com.fsck.k9,Structure
com.fsck.k9.account.AccountCreator,AccountCreator,com.fsck.k9.account,Structure
com.fsck.k9.activity.AccountList,AccountList,com.fsck.k9.activity,Structure
com.fsck.k9.activity.AccountList.AccountsAdapter,AccountList.AccountsAdapter,com.fsck.k9.activity,Structure
com.fsck.k9.activity.AccountList.AccountsAdapter.AccountViewHolder,AccountList.AccountsAdapter.AccountViewHolder,com.fsck.k9.activity,Structure
com.fsck.k9.activity.AccountList.LoadAccounts,AccountList.LoadAccounts,com.fsck.k9.activity,Structure
com.fsck.k9.activity.Accounts,Accounts,com.fsck.k9.activity,Structure
com.fsck.k9.activity.Accounts.ACCOUNT_LOCATION,Accounts.ACCOUNT_LOCATION,com.fsck.k9.activity,Structure
com.fsck.k9.activity.Accounts.AccountClickListener,Accounts.AccountClickListener,com.fsck.k9.activity,Structure
com.fsck.k9.activity.Accounts.AccountsAdapter,Accounts.AccountsAdapter,com.fsck.k9.activity,Structure
com.fsck.k9.activity.Accounts.AccountsAdapter.AccountViewHolder,Accounts.AccountsAdapter.AccountViewHolder,com.fsck.k9.activity,Structure
com.fsck.k9.activity.Accounts.AccountsHandler,Accounts.AccountsHandler,com.fsck.k9.activity,Structure
com.fsck.k9.activity.Accounts.AccountsImportedDialog,Accounts.AccountsImportedDialog,com.fsck.k9.activity,Structure
com.fsck.k9.activity.Accounts.ExportAsyncTask,Accounts.ExportAsyncTask,com.fsck.k9.activity,Structure
com.fsck.k9.activity.Accounts.ImportAsyncTask,Accounts.ImportAsyncTask,com.fsck.k9.activity,Structure
com.fsck.k9.activity.Accounts.ImportSelectionDialog,Accounts.ImportSelectionDialog,com.fsck.k9.activity,Structure
com.fsck.k9.activity.Accounts.ListImportContentsAsyncTask,Accounts.ListImportContentsAsyncTask,com.fsck.k9.activity,Structure
com.fsck.k9.activity.Accounts.MoveAccountAsyncTask,Accounts.MoveAccountAsyncTask,com.fsck.k9.activity,Structure
com.fsck.k9.activity.Accounts.PasswordPromptDialog,Accounts.PasswordPromptDialog,com.fsck.k9.activity,Structure
com.fsck.k9.activity.Accounts.SetPasswordsAsyncTask,Accounts.SetPasswordsAsyncTask,com.fsck.k9.activity,Structure
com.fsck.k9.activity.Accounts.SimpleDialog,Accounts.SimpleDialog,com.fsck.k9.activity,Structure
com.fsck.k9.activity.ActivityListener,ActivityListener,com.fsck.k9.activity,Structure
com.fsck.k9.activity.AlternateRecipientAdapter,AlternateRecipientAdapter,com.fsck.k9.activity,Structure
com.fsck.k9.activity.AlternateRecipientAdapter.AlternateRecipientListener,AlternateRecipientAdapter.AlternateRecipientListener,com.fsck.k9.activity,Structure
com.fsck.k9.activity.AlternateRecipientAdapter.RecipientTokenHolder,AlternateRecipientAdapter.RecipientTokenHolder,com.fsck.k9.activity,Structure
com.fsck.k9.activity.ChooseAccount,ChooseAccount,com.fsck.k9.activity,Structure
com.fsck.k9.activity.ChooseFolder,ChooseFolder,com.fsck.k9.activity,Structure
com.fsck.k9.activity.ChooseFolder.ChooseFolderHandler,ChooseFolder.ChooseFolderHandler,com.fsck.k9.activity,Structure
com.fsck.k9.activity.ChooseIdentity,ChooseIdentity,com.fsck.k9.activity,Structure
com.fsck.k9.activity.ColorPickerDialog,ColorPickerDialog,com.fsck.k9.activity,Structure
com.fsck.k9.activity.ColorPickerDialog.OnColorChangedListener,ColorPickerDialog.OnColorChangedListener,com.fsck.k9.activity,Structure
com.fsck.k9.activity.ConfirmationDialog,ConfirmationDialog,com.fsck.k9.activity,Structure
com.fsck.k9.activity.EditIdentity,EditIdentity,com.fsck.k9.activity,Structure
com.fsck.k9.activity.EmailAddressList,EmailAddressList,com.fsck.k9.activity,Structure
com.fsck.k9.activity.FolderInfoHolder,FolderInfoHolder,com.fsck.k9.activity,Structure
com.fsck.k9.activity.FolderList,FolderList,com.fsck.k9.activity,Structure
com.fsck.k9.activity.FolderList.FolderClickListener,FolderList.FolderClickListener,com.fsck.k9.activity,Structure
com.fsck.k9.activity.FolderList.FolderListAdapter,FolderList.FolderListAdapter,com.fsck.k9.activity,Structure
com.fsck.k9.activity.FolderList.FolderListAdapter.FolderListFilter,FolderList.FolderListAdapter.FolderListFilter,com.fsck.k9.activity,Structure
com.fsck.k9.activity.FolderList.FolderListHandler,FolderList.FolderListHandler,com.fsck.k9.activity,Structure
com.fsck.k9.activity.FolderList.FolderViewHolder,FolderList.FolderViewHolder,com.fsck.k9.activity,Structure
com.fsck.k9.activity.FolderListFilter,FolderListFilter,com.fsck.k9.activity,Structure
com.fsck.k9.activity.K9Activity,K9Activity,com.fsck.k9.activity,Structure
com.fsck.k9.activity.K9ActivityCommon,K9ActivityCommon,com.fsck.k9.activity,Structure
com.fsck.k9.activity.K9ActivityCommon.K9ActivityMagic,K9ActivityCommon.K9ActivityMagic,com.fsck.k9.activity,Structure
com.fsck.k9.activity.K9ListActivity,K9ListActivity,com.fsck.k9.activity,Structure
com.fsck.k9.activity.K9PreferenceActivity,K9PreferenceActivity,com.fsck.k9.activity,Structure
com.fsck.k9.activity.K9PreferenceActivity.PreferenceChangeListener,K9PreferenceActivity.PreferenceChangeListener,com.fsck.k9.activity,Structure
com.fsck.k9.activity.LauncherShortcuts,LauncherShortcuts,com.fsck.k9.activity,Structure
com.fsck.k9.activity.ManageIdentities,ManageIdentities,com.fsck.k9.activity,Structure
com.fsck.k9.activity.MessageCompose,MessageCompose,com.fsck.k9.activity,Structure
com.fsck.k9.activity.MessageCompose.Action,MessageCompose.Action,com.fsck.k9.activity,Structure
com.fsck.k9.activity.MessageCompose.SendMessageTask,MessageCompose.SendMessageTask,com.fsck.k9.activity,Structure
com.fsck.k9.activity.MessageInfoHolder,MessageInfoHolder,com.fsck.k9.activity,Structure
com.fsck.k9.activity.MessageList,MessageList,com.fsck.k9.activity,Structure
com.fsck.k9.activity.MessageList.DisplayMode,MessageList.DisplayMode,com.fsck.k9.activity,Structure
com.fsck.k9.activity.MessageList.StorageListenerImplementation,MessageList.StorageListenerImplementation,com.fsck.k9.activity,Structure
com.fsck.k9.activity.MessageLoaderHelper,MessageLoaderHelper,com.fsck.k9.activity,Structure
com.fsck.k9.activity.MessageLoaderHelper.MessageLoaderCallbacks,MessageLoaderHelper.MessageLoaderCallbacks,com.fsck.k9.activity,Structure
com.fsck.k9.activity.MessageReference,MessageReference,com.fsck.k9.activity,Structure
com.fsck.k9.activity.MessageReferenceHelper,MessageReferenceHelper,com.fsck.k9.activity,Structure
com.fsck.k9.activity.NotificationDeleteConfirmation,NotificationDeleteConfirmation,com.fsck.k9.activity,Structure
com.fsck.k9.activity.Search,Search,com.fsck.k9.activity,Structure
com.fsck.k9.activity.UnreadWidgetConfiguration,UnreadWidgetConfiguration,com.fsck.k9.activity,Structure
com.fsck.k9.activity.UpgradeDatabases,UpgradeDatabases,com.fsck.k9.activity,Structure
com.fsck.k9.activity.UpgradeDatabases.UpgradeDatabaseBroadcastReceiver,UpgradeDatabases.UpgradeDatabaseBroadcastReceiver,com.fsck.k9.activity,Structure
com.fsck.k9.activity.compose.AttachmentPresenter,AttachmentPresenter,com.fsck.k9.activity.compose,Structure
com.fsck.k9.activity.compose.AttachmentPresenter.AttachmentMvpView,AttachmentPresenter.AttachmentMvpView,com.fsck.k9.activity.compose,Structure
com.fsck.k9.activity.compose.AttachmentPresenter.AttachmentsChangedListener,AttachmentPresenter.AttachmentsChangedListener,com.fsck.k9.activity.compose,Structure
com.fsck.k9.activity.compose.AttachmentPresenter.WaitingAction,AttachmentPresenter.WaitingAction,com.fsck.k9.activity.compose,Structure
com.fsck.k9.activity.compose.ComposeCryptoStatus,ComposeCryptoStatus,com.fsck.k9.activity.compose,Structure
com.fsck.k9.activity.compose.ComposeCryptoStatus.AttachErrorState,ComposeCryptoStatus.AttachErrorState,com.fsck.k9.activity.compose,Structure
com.fsck.k9.activity.compose.ComposeCryptoStatus.ComposeCryptoStatusBuilder,ComposeCryptoStatus.ComposeCryptoStatusBuilder,com.fsck.k9.activity.compose,Structure
com.fsck.k9.activity.compose.ComposeCryptoStatus.SendErrorState,ComposeCryptoStatus.SendErrorState,com.fsck.k9.activity.compose,Structure
com.fsck.k9.activity.compose.IdentityAdapter,IdentityAdapter,com.fsck.k9.activity.compose,Structure
com.fsck.k9.activity.compose.IdentityAdapter.AccountHolder,IdentityAdapter.AccountHolder,com.fsck.k9.activity.compose,Structure
com.fsck.k9.activity.compose.IdentityAdapter.IdentityContainer,IdentityAdapter.IdentityContainer,com.fsck.k9.activity.compose,Structure
com.fsck.k9.activity.compose.IdentityAdapter.IdentityHolder,IdentityAdapter.IdentityHolder,com.fsck.k9.activity.compose,Structure
com.fsck.k9.activity.compose.MessageActions,MessageActions,com.fsck.k9.activity.compose,Structure
com.fsck.k9.activity.compose.PgpEnabledErrorDialog,PgpEnabledErrorDialog,com.fsck.k9.activity.compose,Structure
com.fsck.k9.activity.compose.PgpEnabledErrorDialog.OnOpenPgpDisableListener,PgpEnabledErrorDialog.OnOpenPgpDisableListener,com.fsck.k9.activity.compose,Structure
com.fsck.k9.activity.compose.PgpEncryptDescriptionDialog,PgpEncryptDescriptionDialog,com.fsck.k9.activity.compose,Structure
com.fsck.k9.activity.compose.PgpInlineDialog,PgpInlineDialog,com.fsck.k9.activity.compose,Structure
com.fsck.k9.activity.compose.PgpInlineDialog.OnOpenPgpInlineChangeListener,PgpInlineDialog.OnOpenPgpInlineChangeListener,com.fsck.k9.activity.compose,Structure
com.fsck.k9.activity.compose.PgpSignOnlyDialog,PgpSignOnlyDialog,com.fsck.k9.activity.compose,Structure
com.fsck.k9.activity.compose.PgpSignOnlyDialog.OnOpenPgpSignOnlyChangeListener,PgpSignOnlyDialog.OnOpenPgpSignOnlyChangeListener,com.fsck.k9.activity.compose,Structure
com.fsck.k9.activity.compose.RecipientAdapter,RecipientAdapter,com.fsck.k9.activity.compose,Structure
com.fsck.k9.activity.compose.RecipientAdapter.RecipientTokenHolder,RecipientAdapter.RecipientTokenHolder,com.fsck.k9.activity.compose,Structure
com.fsck.k9.activity.compose.RecipientLoader,RecipientLoader,com.fsck.k9.activity.compose,Structure
com.fsck.k9.activity.compose.RecipientMvpView,RecipientMvpView,com.fsck.k9.activity.compose,Structure
com.fsck.k9.activity.compose.RecipientMvpView.CryptoSpecialModeDisplayType,RecipientMvpView.CryptoSpecialModeDisplayType,com.fsck.k9.activity.compose,Structure
com.fsck.k9.activity.compose.RecipientMvpView.CryptoStatusDisplayType,RecipientMvpView.CryptoStatusDisplayType,com.fsck.k9.activity.compose,Structure
com.fsck.k9.activity.compose.RecipientPresenter,RecipientPresenter,com.fsck.k9.activity.compose,Structure
com.fsck.k9.activity.compose.RecipientPresenter.CryptoMode,RecipientPresenter.CryptoMode,com.fsck.k9.activity.compose,Structure
com.fsck.k9.activity.compose.RecipientPresenter.CryptoProviderState,RecipientPresenter.CryptoProviderState,com.fsck.k9.activity.compose,Structure
com.fsck.k9.activity.compose.RecipientPresenter.RecipientsChangedListener,RecipientPresenter.RecipientsChangedListener,com.fsck.k9.activity.compose,Structure
com.fsck.k9.activity.compose.SaveMessageTask,SaveMessageTask,com.fsck.k9.activity.compose,Structure
com.fsck.k9.activity.loader.AttachmentContentLoader,AttachmentContentLoader,com.fsck.k9.activity.loader,Structure
com.fsck.k9.activity.loader.AttachmentInfoLoader,AttachmentInfoLoader,com.fsck.k9.activity.loader,Structure
com.fsck.k9.activity.misc.Attachment,Attachment,com.fsck.k9.activity.misc,Structure
com.fsck.k9.activity.misc.Attachment.LoadingState,Attachment.LoadingState,com.fsck.k9.activity.misc,Structure
com.fsck.k9.activity.misc.ContactPictureLoader,ContactPictureLoader,com.fsck.k9.activity.misc,Structure
com.fsck.k9.activity.misc.ContactPictureLoader.FallbackGlideBitmapDecoder,ContactPictureLoader.FallbackGlideBitmapDecoder,com.fsck.k9.activity.misc,Structure
com.fsck.k9.activity.misc.ContactPictureLoader.FallbackGlideModelLoader,ContactPictureLoader.FallbackGlideModelLoader,com.fsck.k9.activity.misc,Structure
com.fsck.k9.activity.misc.ContactPictureLoader.FallbackGlideParams,ContactPictureLoader.FallbackGlideParams,com.fsck.k9.activity.misc,Structure
com.fsck.k9.activity.misc.ExtendedAsyncTask,ExtendedAsyncTask,com.fsck.k9.activity.misc,Structure
com.fsck.k9.activity.misc.NonConfigurationInstance,NonConfigurationInstance,com.fsck.k9.activity.misc,Structure
com.fsck.k9.activity.misc.SwipeGestureDetector,SwipeGestureDetector,com.fsck.k9.activity.misc,Structure
com.fsck.k9.activity.misc.SwipeGestureDetector.OnSwipeGestureListener,SwipeGestureDetector.OnSwipeGestureListener,com.fsck.k9.activity.misc,Structure
com.fsck.k9.activity.setup.AccountSettings,AccountSettings,com.fsck.k9.activity.setup,Structure
com.fsck.k9.activity.setup.AccountSettings.PopulateFolderPrefsTask,AccountSettings.PopulateFolderPrefsTask,com.fsck.k9.activity.setup,Structure
com.fsck.k9.activity.setup.AccountSetupAccountType,AccountSetupAccountType,com.fsck.k9.activity.setup,Structure
com.fsck.k9.activity.setup.AccountSetupBasics,AccountSetupBasics,com.fsck.k9.activity.setup,Structure
com.fsck.k9.activity.setup.AccountSetupBasics.Provider,AccountSetupBasics.Provider,com.fsck.k9.activity.setup,Structure
com.fsck.k9.activity.setup.AccountSetupCheckSettings,AccountSetupCheckSettings,com.fsck.k9.activity.setup,Structure
com.fsck.k9.activity.setup.AccountSetupCheckSettings.CheckAccountTask,AccountSetupCheckSettings.CheckAccountTask,com.fsck.k9.activity.setup,Structure
com.fsck.k9.activity.setup.AccountSetupCheckSettings.CheckDirection,AccountSetupCheckSettings.CheckDirection,com.fsck.k9.activity.setup,Structure
com.fsck.k9.activity.setup.AccountSetupComposition,AccountSetupComposition,com.fsck.k9.activity.setup,Structure
com.fsck.k9.activity.setup.AccountSetupIncoming,AccountSetupIncoming,com.fsck.k9.activity.setup,Structure
com.fsck.k9.activity.setup.AccountSetupNames,AccountSetupNames,com.fsck.k9.activity.setup,Structure
com.fsck.k9.activity.setup.AccountSetupOptions,AccountSetupOptions,com.fsck.k9.activity.setup,Structure
com.fsck.k9.activity.setup.AccountSetupOutgoing,AccountSetupOutgoing,com.fsck.k9.activity.setup,Structure
com.fsck.k9.activity.setup.AuthTypeAdapter,AuthTypeAdapter,com.fsck.k9.activity.setup,Structure
com.fsck.k9.activity.setup.AuthTypeHolder,AuthTypeHolder,com.fsck.k9.activity.setup,Structure
com.fsck.k9.activity.setup.ConnectionSecurityAdapter,ConnectionSecurityAdapter,com.fsck.k9.activity.setup,Structure
com.fsck.k9.activity.setup.ConnectionSecurityHolder,ConnectionSecurityHolder,com.fsck.k9.activity.setup,Structure
com.fsck.k9.activity.setup.FolderSettings,FolderSettings,com.fsck.k9.activity.setup,Structure
com.fsck.k9.activity.setup.FontSizeSettings,FontSizeSettings,com.fsck.k9.activity.setup,Structure
com.fsck.k9.activity.setup.OpenPgpAppSelectDialog,OpenPgpAppSelectDialog,com.fsck.k9.activity.setup,Structure
com.fsck.k9.activity.setup.OpenPgpAppSelectDialog.ApgDeprecationDialogFragment,OpenPgpAppSelectDialog.ApgDeprecationDialogFragment,com.fsck.k9.activity.setup,Structure
com.fsck.k9.activity.setup.OpenPgpAppSelectDialog.OpenPgpAppSelectFragment,OpenPgpAppSelectDialog.OpenPgpAppSelectFragment,com.fsck.k9.activity.setup,Structure
com.fsck.k9.activity.setup.OpenPgpAppSelectDialog.OpenPgpProviderEntry,OpenPgpAppSelectDialog.OpenPgpProviderEntry,com.fsck.k9.activity.setup,Structure
com.fsck.k9.activity.setup.Prefs,Prefs,com.fsck.k9.activity.setup,Structure
com.fsck.k9.activity.setup.SliderPreference,SliderPreference,com.fsck.k9.activity.setup,Structure
com.fsck.k9.activity.setup.SpinnerOption,SpinnerOption,com.fsck.k9.activity.setup,Structure
com.fsck.k9.activity.setup.WelcomeMessage,WelcomeMessage,com.fsck.k9.activity.setup,Structure
com.fsck.k9.autocrypt.AutocryptHeader,AutocryptHeader,com.fsck.k9.autocrypt,Structure
com.fsck.k9.autocrypt.AutocryptHeaderParser,AutocryptHeaderParser,com.fsck.k9.autocrypt,Structure
com.fsck.k9.autocrypt.AutocryptOpenPgpApiInteractor,AutocryptOpenPgpApiInteractor,com.fsck.k9.autocrypt,Structure
com.fsck.k9.autocrypt.AutocryptOperations,AutocryptOperations,com.fsck.k9.autocrypt,Structure
com.fsck.k9.cache.EmailProviderCache,EmailProviderCache,com.fsck.k9.cache,Structure
com.fsck.k9.cache.EmailProviderCacheCursor,EmailProviderCacheCursor,com.fsck.k9.cache,Structure
com.fsck.k9.cache.TemporaryAttachmentStore,TemporaryAttachmentStore,com.fsck.k9.cache,Structure
com.fsck.k9.controller.MemorizingMessagingListener,MemorizingMessagingListener,com.fsck.k9.controller,Structure
com.fsck.k9.controller.MemorizingMessagingListener.MemorizingState,MemorizingMessagingListener.MemorizingState,com.fsck.k9.controller,Structure
com.fsck.k9.controller.MemorizingMessagingListener.Memory,MemorizingMessagingListener.Memory,com.fsck.k9.controller,Structure
com.fsck.k9.controller.MessagingController,MessagingController,com.fsck.k9.controller,Structure
com.fsck.k9.controller.MessagingController.Command,MessagingController.Command,com.fsck.k9.controller,Structure
com.fsck.k9.controller.MessagingController.MessageActor,MessagingController.MessageActor,com.fsck.k9.controller,Structure
com.fsck.k9.controller.MessagingControllerCommands,MessagingControllerCommands,com.fsck.k9.controller,Structure
com.fsck.k9.controller.MessagingControllerCommands.PendingAppend,MessagingControllerCommands.PendingAppend,com.fsck.k9.controller,Structure
com.fsck.k9.controller.MessagingControllerCommands.PendingCommand,MessagingControllerCommands.PendingCommand,com.fsck.k9.controller,Structure
com.fsck.k9.controller.MessagingControllerCommands.PendingEmptyTrash,MessagingControllerCommands.PendingEmptyTrash,com.fsck.k9.controller,Structure
com.fsck.k9.controller.MessagingControllerCommands.PendingExpunge,MessagingControllerCommands.PendingExpunge,com.fsck.k9.controller,Structure
com.fsck.k9.controller.MessagingControllerCommands.PendingMarkAllAsRead,MessagingControllerCommands.PendingMarkAllAsRead,com.fsck.k9.controller,Structure
com.fsck.k9.controller.MessagingControllerCommands.PendingMoveOrCopy,MessagingControllerCommands.PendingMoveOrCopy,com.fsck.k9.controller,Structure
com.fsck.k9.controller.MessagingControllerCommands.PendingSetFlag,MessagingControllerCommands.PendingSetFlag,com.fsck.k9.controller,Structure
com.fsck.k9.controller.MessagingControllerPushReceiver,MessagingControllerPushReceiver,com.fsck.k9.controller,Structure
com.fsck.k9.controller.MessagingListener,MessagingListener,com.fsck.k9.controller,Structure
com.fsck.k9.controller.PendingCommandSerializer,PendingCommandSerializer,com.fsck.k9.controller,Structure
com.fsck.k9.controller.ProgressBodyFactory,ProgressBodyFactory,com.fsck.k9.controller,Structure
com.fsck.k9.controller.ProgressBodyFactory.ProgressListener,ProgressBodyFactory.ProgressListener,com.fsck.k9.controller,Structure
com.fsck.k9.controller.SimpleMessagingListener,SimpleMessagingListener,com.fsck.k9.controller,Structure
com.fsck.k9.controller.UidReverseComparator,UidReverseComparator,com.fsck.k9.controller,Structure
com.fsck.k9.controller.UnavailableAccountException,UnavailableAccountException,com.fsck.k9.controller,Structure
com.fsck.k9.crypto.MessageCryptoStructureDetector,MessageCryptoStructureDetector,com.fsck.k9.crypto,Structure
com.fsck.k9.crypto.OpenPgpApiHelper,OpenPgpApiHelper,com.fsck.k9.crypto,Structure
com.fsck.k9.fragment.AttachmentDownloadDialogFragment,AttachmentDownloadDialogFragment,com.fsck.k9.fragment,Structure
com.fsck.k9.fragment.AttachmentDownloadDialogFragment.AttachmentDownloadCancelListener,AttachmentDownloadDialogFragment.AttachmentDownloadCancelListener,com.fsck.k9.fragment,Structure
com.fsck.k9.fragment.ConfirmationDialogFragment,ConfirmationDialogFragment,com.fsck.k9.fragment,Structure
com.fsck.k9.fragment.ConfirmationDialogFragment.ConfirmationDialogFragmentListener,ConfirmationDialogFragment.ConfirmationDialogFragmentListener,com.fsck.k9.fragment,Structure
com.fsck.k9.fragment.MLFProjectionInfo,MLFProjectionInfo,com.fsck.k9.fragment,Structure
com.fsck.k9.fragment.MessageListAdapter,MessageListAdapter,com.fsck.k9.fragment,Structure
com.fsck.k9.fragment.MessageListFragment,MessageListFragment,com.fsck.k9.fragment,Structure
com.fsck.k9.fragment.MessageListFragment.ActionModeCallback,MessageListFragment.ActionModeCallback,com.fsck.k9.fragment,Structure
com.fsck.k9.fragment.MessageListFragment.FolderOperation,MessageListFragment.FolderOperation,com.fsck.k9.fragment,Structure
com.fsck.k9.fragment.MessageListFragment.FooterViewHolder,MessageListFragment.FooterViewHolder,com.fsck.k9.fragment,Structure
com.fsck.k9.fragment.MessageListFragment.MessageListActivityListener,MessageListFragment.MessageListActivityListener,com.fsck.k9.fragment,Structure
com.fsck.k9.fragment.MessageListFragment.MessageListFragmentListener,MessageListFragment.MessageListFragmentListener,com.fsck.k9.fragment,Structure
com.fsck.k9.fragment.MessageListFragmentComparators,MessageListFragmentComparators,com.fsck.k9.fragment,Structure
com.fsck.k9.fragment.MessageListFragmentComparators.ArrivalComparator,MessageListFragmentComparators.ArrivalComparator,com.fsck.k9.fragment,Structure
com.fsck.k9.fragment.MessageListFragmentComparators.AttachmentComparator,MessageListFragmentComparators.AttachmentComparator,com.fsck.k9.fragment,Structure
com.fsck.k9.fragment.MessageListFragmentComparators.ComparatorChain,MessageListFragmentComparators.ComparatorChain,com.fsck.k9.fragment,Structure
com.fsck.k9.fragment.MessageListFragmentComparators.DateComparator,MessageListFragmentComparators.DateComparator,com.fsck.k9.fragment,Structure
com.fsck.k9.fragment.MessageListFragmentComparators.FlaggedComparator,MessageListFragmentComparators.FlaggedComparator,com.fsck.k9.fragment,Structure
com.fsck.k9.fragment.MessageListFragmentComparators.ReverseComparator,MessageListFragmentComparators.ReverseComparator,com.fsck.k9.fragment,Structure
com.fsck.k9.fragment.MessageListFragmentComparators.ReverseIdComparator,MessageListFragmentComparators.ReverseIdComparator,com.fsck.k9.fragment,Structure
com.fsck.k9.fragment.MessageListFragmentComparators.SenderComparator,MessageListFragmentComparators.SenderComparator,com.fsck.k9.fragment,Structure
com.fsck.k9.fragment.MessageListFragmentComparators.SubjectComparator,MessageListFragmentComparators.SubjectComparator,com.fsck.k9.fragment,Structure
com.fsck.k9.fragment.MessageListFragmentComparators.UnreadComparator,MessageListFragmentComparators.UnreadComparator,com.fsck.k9.fragment,Structure
com.fsck.k9.fragment.MessageListHandler,MessageListHandler,com.fsck.k9.fragment,Structure
com.fsck.k9.fragment.MessageViewHolder,MessageViewHolder,com.fsck.k9.fragment,Structure
com.fsck.k9.fragment.MlfUtils,MlfUtils,com.fsck.k9.fragment,Structure
com.fsck.k9.fragment.ProgressDialogFragment,ProgressDialogFragment,com.fsck.k9.fragment,Structure
com.fsck.k9.fragment.ProgressDialogFragment.CancelListener,ProgressDialogFragment.CancelListener,com.fsck.k9.fragment,Structure
com.fsck.k9.helper.ClipboardManager,ClipboardManager,com.fsck.k9.helper,Structure
com.fsck.k9.helper.ContactItem,ContactItem,com.fsck.k9.helper,Structure
com.fsck.k9.helper.ContactPicture,ContactPicture,com.fsck.k9.helper,Structure
com.fsck.k9.helper.Contacts,Contacts,com.fsck.k9.helper,Structure
com.fsck.k9.helper.EmailHelper,EmailHelper,com.fsck.k9.helper,Structure
com.fsck.k9.helper.ExceptionHelper,ExceptionHelper,com.fsck.k9.helper,Structure
com.fsck.k9.helper.FileBrowserHelper,FileBrowserHelper,com.fsck.k9.helper,Structure
com.fsck.k9.helper.FileBrowserHelper.FileBrowserFailOverCallback,FileBrowserHelper.FileBrowserFailOverCallback,com.fsck.k9.helper,Structure
com.fsck.k9.helper.FileHelper,FileHelper,com.fsck.k9.helper,Structure
com.fsck.k9.helper.IdentityHelper,IdentityHelper,com.fsck.k9.helper,Structure
com.fsck.k9.helper.K9AlarmManager,K9AlarmManager,com.fsck.k9.helper,Structure
com.fsck.k9.helper.MailTo,MailTo,com.fsck.k9.helper,Structure
com.fsck.k9.helper.MailTo.CaseInsensitiveParamWrapper,MailTo.CaseInsensitiveParamWrapper,com.fsck.k9.helper,Structure
com.fsck.k9.helper.MergeCursor,MergeCursor,com.fsck.k9.helper,Structure
com.fsck.k9.helper.MergeCursorWithUniqueId,MergeCursorWithUniqueId,com.fsck.k9.helper,Structure
com.fsck.k9.helper.MessageHelper,MessageHelper,com.fsck.k9.helper,Structure
com.fsck.k9.helper.ParcelableUtil,ParcelableUtil,com.fsck.k9.helper,Structure
com.fsck.k9.helper.Preconditions,Preconditions,com.fsck.k9.helper,Structure
com.fsck.k9.helper.ReplyToParser,ReplyToParser,com.fsck.k9.helper,Structure
com.fsck.k9.helper.ReplyToParser.ReplyToAddresses,ReplyToParser.ReplyToAddresses,com.fsck.k9.helper,Structure
com.fsck.k9.helper.RetainFragment,RetainFragment,com.fsck.k9.helper,Structure
com.fsck.k9.helper.SimpleTextWatcher,SimpleTextWatcher,com.fsck.k9.helper,Structure
com.fsck.k9.helper.SizeFormatter,SizeFormatter,com.fsck.k9.helper,Structure
com.fsck.k9.helper.UnreadWidgetProperties,UnreadWidgetProperties,com.fsck.k9.helper,Structure
com.fsck.k9.helper.UnreadWidgetProperties.Type,UnreadWidgetProperties.Type,com.fsck.k9.helper,Structure
com.fsck.k9.helper.UrlEncodingHelper,UrlEncodingHelper,com.fsck.k9.helper,Structure
com.fsck.k9.helper.Utility,Utility,com.fsck.k9.helper,Structure
com.fsck.k9.helper.jsoup.AdvancedNodeTraversor,AdvancedNodeTraversor,com.fsck.k9.helper.jsoup,Structure
com.fsck.k9.helper.jsoup.AdvancedNodeTraversor.FilterResult,AdvancedNodeTraversor.FilterResult,com.fsck.k9.helper.jsoup,Structure
com.fsck.k9.helper.jsoup.NodeFilter,NodeFilter,com.fsck.k9.helper.jsoup,Structure
com.fsck.k9.helper.jsoup.NodeFilter.HeadFilterDecision,NodeFilter.HeadFilterDecision,com.fsck.k9.helper.jsoup,Structure
com.fsck.k9.helper.jsoup.NodeFilter.TailFilterDecision,NodeFilter.TailFilterDecision,com.fsck.k9.helper.jsoup,Structure
com.fsck.k9.mail.Address,Address,com.fsck.k9.mail,Structure
com.fsck.k9.mail.AuthType,AuthType,com.fsck.k9.mail,Structure
com.fsck.k9.mail.Authentication,Authentication,com.fsck.k9.mail,Structure
com.fsck.k9.mail.AuthenticationFailedException,AuthenticationFailedException,com.fsck.k9.mail,Structure
com.fsck.k9.mail.Body,Body,com.fsck.k9.mail,Structure
com.fsck.k9.mail.BodyFactory,BodyFactory,com.fsck.k9.mail,Structure
com.fsck.k9.mail.BodyPart,BodyPart,com.fsck.k9.mail,Structure
com.fsck.k9.mail.BoundaryGenerator,BoundaryGenerator,com.fsck.k9.mail,Structure
com.fsck.k9.mail.CertificateChainException,CertificateChainException,com.fsck.k9.mail,Structure
com.fsck.k9.mail.CertificateValidationException,CertificateValidationException,com.fsck.k9.mail,Structure
com.fsck.k9.mail.CertificateValidationException.Reason,CertificateValidationException.Reason,com.fsck.k9.mail,Structure
com.fsck.k9.mail.ConnectionSecurity,ConnectionSecurity,com.fsck.k9.mail,Structure
com.fsck.k9.mail.DefaultBodyFactory,DefaultBodyFactory,com.fsck.k9.mail,Structure
com.fsck.k9.mail.FetchProfile,FetchProfile,com.fsck.k9.mail,Structure
com.fsck.k9.mail.FetchProfile.Item,FetchProfile.Item,com.fsck.k9.mail,Structure
com.fsck.k9.mail.Flag,Flag,com.fsck.k9.mail,Structure
com.fsck.k9.mail.Folder,Folder,com.fsck.k9.mail,Structure
com.fsck.k9.mail.Folder.FolderClass,Folder.FolderClass,com.fsck.k9.mail,Structure
com.fsck.k9.mail.Folder.FolderType,Folder.FolderType,com.fsck.k9.mail,Structure
com.fsck.k9.mail.K9MailLib,K9MailLib,com.fsck.k9.mail,Structure
com.fsck.k9.mail.K9MailLib.DebugStatus,K9MailLib.DebugStatus,com.fsck.k9.mail,Structure
com.fsck.k9.mail.K9MailLib.DefaultDebugStatus,K9MailLib.DefaultDebugStatus,com.fsck.k9.mail,Structure
com.fsck.k9.mail.K9MailLib.WritableDebugStatus,K9MailLib.WritableDebugStatus,com.fsck.k9.mail,Structure
com.fsck.k9.mail.Message,Message,com.fsck.k9.mail,Structure
com.fsck.k9.mail.Message.RecipientType,Message.RecipientType,com.fsck.k9.mail,Structure
com.fsck.k9.mail.MessageRetrievalListener,MessageRetrievalListener,com.fsck.k9.mail,Structure
com.fsck.k9.mail.MessagingException,MessagingException,com.fsck.k9.mail,Structure
com.fsck.k9.mail.Multipart,Multipart,com.fsck.k9.mail,Structure
com.fsck.k9.mail.NetworkType,NetworkType,com.fsck.k9.mail,Structure
com.fsck.k9.mail.Part,Part,com.fsck.k9.mail,Structure
com.fsck.k9.mail.PushReceiver,PushReceiver,com.fsck.k9.mail,Structure
com.fsck.k9.mail.Pusher,Pusher,com.fsck.k9.mail,Structure
com.fsck.k9.mail.ServerSettings,ServerSettings,com.fsck.k9.mail,Structure
com.fsck.k9.mail.ServerSettings.Type,ServerSettings.Type,com.fsck.k9.mail,Structure
com.fsck.k9.mail.Store,Store,com.fsck.k9.mail,Structure
com.fsck.k9.mail.Transport,Transport,com.fsck.k9.mail,Structure
com.fsck.k9.mail.TransportProvider,TransportProvider,com.fsck.k9.mail,Structure
com.fsck.k9.mail.TransportUris,TransportUris,com.fsck.k9.mail,Structure
com.fsck.k9.mail.filter.Base64,Base64,com.fsck.k9.mail.filter,Structure
com.fsck.k9.mail.filter.Base64.DecoderException,Base64.DecoderException,com.fsck.k9.mail.filter,Structure
com.fsck.k9.mail.filter.Base64.EncoderException,Base64.EncoderException,com.fsck.k9.mail.filter,Structure
com.fsck.k9.mail.filter.Base64OutputStream,Base64OutputStream,com.fsck.k9.mail.filter,Structure
com.fsck.k9.mail.filter.CountingOutputStream,CountingOutputStream,com.fsck.k9.mail.filter,Structure
com.fsck.k9.mail.filter.EOLConvertingOutputStream,EOLConvertingOutputStream,com.fsck.k9.mail.filter,Structure
com.fsck.k9.mail.filter.FixedLengthInputStream,FixedLengthInputStream,com.fsck.k9.mail.filter,Structure
com.fsck.k9.mail.filter.Hex,Hex,com.fsck.k9.mail.filter,Structure
com.fsck.k9.mail.filter.LineWrapOutputStream,LineWrapOutputStream,com.fsck.k9.mail.filter,Structure
com.fsck.k9.mail.filter.PeekableInputStream,PeekableInputStream,com.fsck.k9.mail.filter,Structure
com.fsck.k9.mail.filter.SignSafeOutputStream,SignSafeOutputStream,com.fsck.k9.mail.filter,Structure
com.fsck.k9.mail.filter.SignSafeOutputStream.State,SignSafeOutputStream.State,com.fsck.k9.mail.filter,Structure
com.fsck.k9.mail.filter.SmtpDataStuffing,SmtpDataStuffing,com.fsck.k9.mail.filter,Structure
com.fsck.k9.mail.helper.UrlEncodingHelper,UrlEncodingHelper,com.fsck.k9.mail.helper,Structure
com.fsck.k9.mail.internet.BinaryTempFileBody,BinaryTempFileBody,com.fsck.k9.mail.internet,Structure
com.fsck.k9.mail.internet.BinaryTempFileBody.BinaryTempFileBodyInputStream,BinaryTempFileBody.BinaryTempFileBodyInputStream,com.fsck.k9.mail.internet,Structure
com.fsck.k9.mail.internet.BinaryTempFileMessageBody,BinaryTempFileMessageBody,com.fsck.k9.mail.internet,Structure
com.fsck.k9.mail.internet.CharsetSupport,CharsetSupport,com.fsck.k9.mail.internet,Structure
com.fsck.k9.mail.internet.DecoderUtil,DecoderUtil,com.fsck.k9.mail.internet,Structure
com.fsck.k9.mail.internet.EncoderUtil,EncoderUtil,com.fsck.k9.mail.internet,Structure
com.fsck.k9.mail.internet.EncoderUtil.Encoding,EncoderUtil.Encoding,com.fsck.k9.mail.internet,Structure
com.fsck.k9.mail.internet.FlowedMessageUtils,FlowedMessageUtils,com.fsck.k9.mail.internet,Structure
com.fsck.k9.mail.internet.Iso2022JpToShiftJisInputStream,Iso2022JpToShiftJisInputStream,com.fsck.k9.mail.internet,Structure
com.fsck.k9.mail.internet.Iso2022JpToShiftJisInputStream.Charset,Iso2022JpToShiftJisInputStream.Charset,com.fsck.k9.mail.internet,Structure
com.fsck.k9.mail.internet.JisSupport,JisSupport,com.fsck.k9.mail.internet,Structure
com.fsck.k9.mail.internet.ListHeaders,ListHeaders,com.fsck.k9.mail.internet,Structure
com.fsck.k9.mail.internet.MessageExtractor,MessageExtractor,com.fsck.k9.mail.internet,Structure
com.fsck.k9.mail.internet.MessageIdGenerator,MessageIdGenerator,com.fsck.k9.mail.internet,Structure
com.fsck.k9.mail.internet.MimeBodyPart,MimeBodyPart,com.fsck.k9.mail.internet,Structure
com.fsck.k9.mail.internet.MimeHeader,MimeHeader,com.fsck.k9.mail.internet,Structure
com.fsck.k9.mail.internet.MimeHeader.Field,MimeHeader.Field,com.fsck.k9.mail.internet,Structure
com.fsck.k9.mail.internet.MimeMessage,MimeMessage,com.fsck.k9.mail.internet,Structure
com.fsck.k9.mail.internet.MimeMessage.MimeMessageBuilder,MimeMessage.MimeMessageBuilder,com.fsck.k9.mail.internet,Structure
com.fsck.k9.mail.internet.MimeMessageHelper,MimeMessageHelper,com.fsck.k9.mail.internet,Structure
com.fsck.k9.mail.internet.MimeMultipart,MimeMultipart,com.fsck.k9.mail.internet,Structure
com.fsck.k9.mail.internet.MimeUtility,MimeUtility,com.fsck.k9.mail.internet,Structure
com.fsck.k9.mail.internet.RawDataBody,RawDataBody,com.fsck.k9.mail.internet,Structure
com.fsck.k9.mail.internet.SizeAware,SizeAware,com.fsck.k9.mail.internet,Structure
com.fsck.k9.mail.internet.TextBody,TextBody,com.fsck.k9.mail.internet,Structure
com.fsck.k9.mail.internet.Viewable,Viewable,com.fsck.k9.mail.internet,Structure
com.fsck.k9.mail.internet.Viewable.Alternative,Viewable.Alternative,com.fsck.k9.mail.internet,Structure
com.fsck.k9.mail.internet.Viewable.Flowed,Viewable.Flowed,com.fsck.k9.mail.internet,Structure
com.fsck.k9.mail.internet.Viewable.Html,Viewable.Html,com.fsck.k9.mail.internet,Structure
com.fsck.k9.mail.internet.Viewable.MessageHeader,Viewable.MessageHeader,com.fsck.k9.mail.internet,Structure
com.fsck.k9.mail.internet.Viewable.Text,Viewable.Text,com.fsck.k9.mail.internet,Structure
com.fsck.k9.mail.internet.Viewable.Textual,Viewable.Textual,com.fsck.k9.mail.internet,Structure
com.fsck.k9.mail.message.MessageHeaderParser,MessageHeaderParser,com.fsck.k9.mail.message,Structure
com.fsck.k9.mail.message.MessageHeaderParser.MessageHeaderParserContentHandler,MessageHeaderParser.MessageHeaderParserContentHandler,com.fsck.k9.mail.message,Structure
com.fsck.k9.mail.oauth.AuthorizationException,AuthorizationException,com.fsck.k9.mail.oauth,Structure
com.fsck.k9.mail.oauth.OAuth2TokenProvider,OAuth2TokenProvider,com.fsck.k9.mail.oauth,Structure
com.fsck.k9.mail.oauth.OAuth2TokenProvider.OAuth2TokenProviderAuthCallback,OAuth2TokenProvider.OAuth2TokenProviderAuthCallback,com.fsck.k9.mail.oauth,Structure
com.fsck.k9.mail.oauth.XOAuth2ChallengeParser,XOAuth2ChallengeParser,com.fsck.k9.mail.oauth,Structure
com.fsck.k9.mail.power.TracingPowerManager,TracingPowerManager,com.fsck.k9.mail.power,Structure
com.fsck.k9.mail.power.TracingPowerManager.TracingWakeLock,TracingPowerManager.TracingWakeLock,com.fsck.k9.mail.power,Structure
com.fsck.k9.mail.ssl.DefaultTrustedSocketFactory,DefaultTrustedSocketFactory,com.fsck.k9.mail.ssl,Structure
com.fsck.k9.mail.ssl.KeyChainKeyManager,KeyChainKeyManager,com.fsck.k9.mail.ssl,Structure
com.fsck.k9.mail.ssl.LocalKeyStore,LocalKeyStore,com.fsck.k9.mail.ssl,Structure
com.fsck.k9.mail.ssl.LocalKeyStore.LocalKeyStoreHolder,LocalKeyStore.LocalKeyStoreHolder,com.fsck.k9.mail.ssl,Structure
com.fsck.k9.mail.ssl.TrustManagerFactory,TrustManagerFactory,com.fsck.k9.mail.ssl,Structure
com.fsck.k9.mail.ssl.TrustManagerFactory.SecureX509TrustManager,TrustManagerFactory.SecureX509TrustManager,com.fsck.k9.mail.ssl,Structure
com.fsck.k9.mail.ssl.TrustedSocketFactory,TrustedSocketFactory,com.fsck.k9.mail.ssl,Structure
com.fsck.k9.mail.store.RemoteStore,RemoteStore,com.fsck.k9.mail.store,Structure
com.fsck.k9.mail.store.StoreConfig,StoreConfig,com.fsck.k9.mail.store,Structure
com.fsck.k9.mail.store.imap.AlertResponse,AlertResponse,com.fsck.k9.mail.store.imap,Structure
com.fsck.k9.mail.store.imap.Capabilities,Capabilities,com.fsck.k9.mail.store.imap,Structure
com.fsck.k9.mail.store.imap.CapabilityResponse,CapabilityResponse,com.fsck.k9.mail.store.imap,Structure
com.fsck.k9.mail.store.imap.Commands,Commands,com.fsck.k9.mail.store.imap,Structure
com.fsck.k9.mail.store.imap.CopyUidResponse,CopyUidResponse,com.fsck.k9.mail.store.imap,Structure
com.fsck.k9.mail.store.imap.FetchBodyCallback,FetchBodyCallback,com.fsck.k9.mail.store.imap,Structure
com.fsck.k9.mail.store.imap.FetchPartCallback,FetchPartCallback,com.fsck.k9.mail.store.imap,Structure
com.fsck.k9.mail.store.imap.FolderNameCodec,FolderNameCodec,com.fsck.k9.mail.store.imap,Structure
com.fsck.k9.mail.store.imap.ImapConnection,ImapConnection,com.fsck.k9.mail.store.imap,Structure
com.fsck.k9.mail.store.imap.ImapFolder,ImapFolder,com.fsck.k9.mail.store.imap,Structure
com.fsck.k9.mail.store.imap.ImapFolderPusher,ImapFolderPusher,com.fsck.k9.mail.store.imap,Structure
com.fsck.k9.mail.store.imap.ImapFolderPusher.IdleStopper,ImapFolderPusher.IdleStopper,com.fsck.k9.mail.store.imap,Structure
com.fsck.k9.mail.store.imap.ImapFolderPusher.PushRunnable,ImapFolderPusher.PushRunnable,com.fsck.k9.mail.store.imap,Structure
com.fsck.k9.mail.store.imap.ImapList,ImapList,com.fsck.k9.mail.store.imap,Structure
com.fsck.k9.mail.store.imap.ImapMessage,ImapMessage,com.fsck.k9.mail.store.imap,Structure
com.fsck.k9.mail.store.imap.ImapPushState,ImapPushState,com.fsck.k9.mail.store.imap,Structure
com.fsck.k9.mail.store.imap.ImapPusher,ImapPusher,com.fsck.k9.mail.store.imap,Structure
com.fsck.k9.mail.store.imap.ImapResponse,ImapResponse,com.fsck.k9.mail.store.imap,Structure
com.fsck.k9.mail.store.imap.ImapResponseCallback,ImapResponseCallback,com.fsck.k9.mail.store.imap,Structure
com.fsck.k9.mail.store.imap.ImapResponseParser,ImapResponseParser,com.fsck.k9.mail.store.imap,Structure
com.fsck.k9.mail.store.imap.ImapResponseParserException,ImapResponseParserException,com.fsck.k9.mail.store.imap,Structure
com.fsck.k9.mail.store.imap.ImapSearcher,ImapSearcher,com.fsck.k9.mail.store.imap,Structure
com.fsck.k9.mail.store.imap.ImapSettings,ImapSettings,com.fsck.k9.mail.store.imap,Structure
com.fsck.k9.mail.store.imap.ImapStore,ImapStore,com.fsck.k9.mail.store.imap,Structure
com.fsck.k9.mail.store.imap.ImapStore.StoreImapSettings,ImapStore.StoreImapSettings,com.fsck.k9.mail.store.imap,Structure
com.fsck.k9.mail.store.imap.ImapStoreSettings,ImapStoreSettings,com.fsck.k9.mail.store.imap,Structure
com.fsck.k9.mail.store.imap.ImapStoreUriCreator,ImapStoreUriCreator,com.fsck.k9.mail.store.imap,Structure
com.fsck.k9.mail.store.imap.ImapStoreUriDecoder,ImapStoreUriDecoder,com.fsck.k9.mail.store.imap,Structure
com.fsck.k9.mail.store.imap.ImapUtility,ImapUtility,com.fsck.k9.mail.store.imap,Structure
com.fsck.k9.mail.store.imap.ListResponse,ListResponse,com.fsck.k9.mail.store.imap,Structure
com.fsck.k9.mail.store.imap.NamespaceResponse,NamespaceResponse,com.fsck.k9.mail.store.imap,Structure
com.fsck.k9.mail.store.imap.NegativeImapResponseException,NegativeImapResponseException,com.fsck.k9.mail.store.imap,Structure
com.fsck.k9.mail.store.imap.PermanentFlagsResponse,PermanentFlagsResponse,com.fsck.k9.mail.store.imap,Structure
com.fsck.k9.mail.store.imap.ResponseCodeExtractor,ResponseCodeExtractor,com.fsck.k9.mail.store.imap,Structure
com.fsck.k9.mail.store.imap.Responses,Responses,com.fsck.k9.mail.store.imap,Structure
com.fsck.k9.mail.store.imap.SearchResponse,SearchResponse,com.fsck.k9.mail.store.imap,Structure
com.fsck.k9.mail.store.imap.SelectOrExamineResponse,SelectOrExamineResponse,com.fsck.k9.mail.store.imap,Structure
com.fsck.k9.mail.store.imap.UntaggedHandler,UntaggedHandler,com.fsck.k9.mail.store.imap,Structure
com.fsck.k9.mail.store.pop3.Pop3Store,Pop3Store,com.fsck.k9.mail.store.pop3,Structure
com.fsck.k9.mail.store.pop3.Pop3Store.Pop3Capabilities,Pop3Store.Pop3Capabilities,com.fsck.k9.mail.store.pop3,Structure
com.fsck.k9.mail.store.pop3.Pop3Store.Pop3ErrorResponse,Pop3Store.Pop3ErrorResponse,com.fsck.k9.mail.store.pop3,Structure
com.fsck.k9.mail.store.pop3.Pop3Store.Pop3Folder,Pop3Store.Pop3Folder,com.fsck.k9.mail.store.pop3,Structure
com.fsck.k9.mail.store.pop3.Pop3Store.Pop3Message,Pop3Store.Pop3Message,com.fsck.k9.mail.store.pop3,Structure
com.fsck.k9.mail.store.pop3.Pop3Store.Pop3ResponseInputStream,Pop3Store.Pop3ResponseInputStream,com.fsck.k9.mail.store.pop3,Structure
com.fsck.k9.mail.store.webdav.ConnectionInfo,ConnectionInfo,com.fsck.k9.mail.store.webdav,Structure
com.fsck.k9.mail.store.webdav.DataSet,DataSet,com.fsck.k9.mail.store.webdav,Structure
com.fsck.k9.mail.store.webdav.HttpGeneric,HttpGeneric,com.fsck.k9.mail.store.webdav,Structure
com.fsck.k9.mail.store.webdav.ParsedMessageEnvelope,ParsedMessageEnvelope,com.fsck.k9.mail.store.webdav,Structure
com.fsck.k9.mail.store.webdav.WebDavConstants,WebDavConstants,com.fsck.k9.mail.store.webdav,Structure
com.fsck.k9.mail.store.webdav.WebDavFolder,WebDavFolder,com.fsck.k9.mail.store.webdav,Structure
com.fsck.k9.mail.store.webdav.WebDavHandler,WebDavHandler,com.fsck.k9.mail.store.webdav,Structure
com.fsck.k9.mail.store.webdav.WebDavHttpClient,WebDavHttpClient,com.fsck.k9.mail.store.webdav,Structure
com.fsck.k9.mail.store.webdav.WebDavHttpClient.WebDavHttpClientFactory,WebDavHttpClient.WebDavHttpClientFactory,com.fsck.k9.mail.store.webdav,Structure
com.fsck.k9.mail.store.webdav.WebDavMessage,WebDavMessage,com.fsck.k9.mail.store.webdav,Structure
com.fsck.k9.mail.store.webdav.WebDavSocketFactory,WebDavSocketFactory,com.fsck.k9.mail.store.webdav,Structure
com.fsck.k9.mail.store.webdav.WebDavStore,WebDavStore,com.fsck.k9.mail.store.webdav,Structure
com.fsck.k9.mail.store.webdav.WebDavStoreSettings,WebDavStoreSettings,com.fsck.k9.mail.store.webdav,Structure
com.fsck.k9.mail.store.webdav.WebDavStoreUriCreator,WebDavStoreUriCreator,com.fsck.k9.mail.store.webdav,Structure
com.fsck.k9.mail.store.webdav.WebDavStoreUriDecoder,WebDavStoreUriDecoder,com.fsck.k9.mail.store.webdav,Structure
com.fsck.k9.mail.transport.WebDavTransport,WebDavTransport,com.fsck.k9.mail.transport,Structure
com.fsck.k9.mail.transport.smtp.EnhancedNegativeSmtpReplyException,EnhancedNegativeSmtpReplyException,com.fsck.k9.mail.transport.smtp,Structure
com.fsck.k9.mail.transport.smtp.NegativeSmtpReplyException,NegativeSmtpReplyException,com.fsck.k9.mail.transport.smtp,Structure
com.fsck.k9.mail.transport.smtp.SmtpTransport,SmtpTransport,com.fsck.k9.mail.transport.smtp,Structure
com.fsck.k9.mail.transport.smtp.SmtpTransport.CommandResponse,SmtpTransport.CommandResponse,com.fsck.k9.mail.transport.smtp,Structure
com.fsck.k9.mail.transport.smtp.StatusCodeClass,StatusCodeClass,com.fsck.k9.mail.transport.smtp,Structure
com.fsck.k9.mail.transport.smtp.StatusCodeDetail,StatusCodeDetail,com.fsck.k9.mail.transport.smtp,Structure
com.fsck.k9.mail.transport.smtp.StatusCodeSubject,StatusCodeSubject,com.fsck.k9.mail.transport.smtp,Structure
com.fsck.k9.mailstore.AttachmentResolver,AttachmentResolver,com.fsck.k9.mailstore,Structure
com.fsck.k9.mailstore.AttachmentViewInfo,AttachmentViewInfo,com.fsck.k9.mailstore,Structure
com.fsck.k9.mailstore.BinaryAttachmentBody,BinaryAttachmentBody,com.fsck.k9.mailstore,Structure
com.fsck.k9.mailstore.BinaryMemoryBody,BinaryMemoryBody,com.fsck.k9.mailstore,Structure
com.fsck.k9.mailstore.CryptoResultAnnotation,CryptoResultAnnotation,com.fsck.k9.mailstore,Structure
com.fsck.k9.mailstore.CryptoResultAnnotation.CryptoError,CryptoResultAnnotation.CryptoError,com.fsck.k9.mailstore,Structure
com.fsck.k9.mailstore.DatabasePreviewType,DatabasePreviewType,com.fsck.k9.mailstore,Structure
com.fsck.k9.mailstore.DeferredFileBody,DeferredFileBody,com.fsck.k9.mailstore,Structure
com.fsck.k9.mailstore.FileBackedBody,FileBackedBody,com.fsck.k9.mailstore,Structure
com.fsck.k9.mailstore.LocalBodyPart,LocalBodyPart,com.fsck.k9.mailstore,Structure
com.fsck.k9.mailstore.LocalFolder,LocalFolder,com.fsck.k9.mailstore,Structure
com.fsck.k9.mailstore.LocalFolder.DataLocation,LocalFolder.DataLocation,com.fsck.k9.mailstore,Structure
com.fsck.k9.mailstore.LocalFolder.MessagePartType,LocalFolder.MessagePartType,com.fsck.k9.mailstore,Structure
com.fsck.k9.mailstore.LocalFolder.MoreMessages,LocalFolder.MoreMessages,com.fsck.k9.mailstore,Structure
com.fsck.k9.mailstore.LocalFolder.PartContainer,LocalFolder.PartContainer,com.fsck.k9.mailstore,Structure
com.fsck.k9.mailstore.LocalFolder.PreferencesHolder,LocalFolder.PreferencesHolder,com.fsck.k9.mailstore,Structure
com.fsck.k9.mailstore.LocalMessage,LocalMessage,com.fsck.k9.mailstore,Structure
com.fsck.k9.mailstore.LocalMimeMessage,LocalMimeMessage,com.fsck.k9.mailstore,Structure
com.fsck.k9.mailstore.LocalPart,LocalPart,com.fsck.k9.mailstore,Structure
com.fsck.k9.mailstore.LocalStore,LocalStore,com.fsck.k9.mailstore,Structure
com.fsck.k9.mailstore.LocalStore.AttachmentInfo,LocalStore.AttachmentInfo,com.fsck.k9.mailstore,Structure
com.fsck.k9.mailstore.LocalStore.BatchSetSelection,LocalStore.BatchSetSelection,com.fsck.k9.mailstore,Structure
com.fsck.k9.mailstore.LockableDatabase,LockableDatabase,com.fsck.k9.mailstore,Structure
com.fsck.k9.mailstore.LockableDatabase.DbCallback,LockableDatabase.DbCallback,com.fsck.k9.mailstore,Structure
com.fsck.k9.mailstore.LockableDatabase.SchemaDefinition,LockableDatabase.SchemaDefinition,com.fsck.k9.mailstore,Structure
com.fsck.k9.mailstore.LockableDatabase.StorageListener,LockableDatabase.StorageListener,com.fsck.k9.mailstore,Structure
com.fsck.k9.mailstore.LockableDatabase.WrappedException,LockableDatabase.WrappedException,com.fsck.k9.mailstore,Structure
com.fsck.k9.mailstore.MessageHelper,MessageHelper,com.fsck.k9.mailstore,Structure
com.fsck.k9.mailstore.MessageRemovalListener,MessageRemovalListener,com.fsck.k9.mailstore,Structure
com.fsck.k9.mailstore.MessageViewInfo,MessageViewInfo,com.fsck.k9.mailstore,Structure
com.fsck.k9.mailstore.MessageViewInfoExtractor,MessageViewInfoExtractor,com.fsck.k9.mailstore,Structure
com.fsck.k9.mailstore.MessageViewInfoExtractor.ViewableExtractedText,MessageViewInfoExtractor.ViewableExtractedText,com.fsck.k9.mailstore,Structure
com.fsck.k9.mailstore.MimePartStreamParser,MimePartStreamParser,com.fsck.k9.mailstore,Structure
com.fsck.k9.mailstore.MimePartStreamParser.PartBuilder,MimePartStreamParser.PartBuilder,com.fsck.k9.mailstore,Structure
com.fsck.k9.mailstore.StorageManager,StorageManager,com.fsck.k9.mailstore,Structure
com.fsck.k9.mailstore.StorageManager.ExternalStorageProvider,StorageManager.ExternalStorageProvider,com.fsck.k9.mailstore,Structure
com.fsck.k9.mailstore.StorageManager.FixedStorageProviderBase,StorageManager.FixedStorageProviderBase,com.fsck.k9.mailstore,Structure
com.fsck.k9.mailstore.StorageManager.HtcIncredibleStorageProvider,StorageManager.HtcIncredibleStorageProvider,com.fsck.k9.mailstore,Structure
com.fsck.k9.mailstore.StorageManager.InternalStorageProvider,StorageManager.InternalStorageProvider,com.fsck.k9.mailstore,Structure
com.fsck.k9.mailstore.StorageManager.SamsungGalaxySStorageProvider,StorageManager.SamsungGalaxySStorageProvider,com.fsck.k9.mailstore,Structure
com.fsck.k9.mailstore.StorageManager.StorageListener,StorageManager.StorageListener,com.fsck.k9.mailstore,Structure
com.fsck.k9.mailstore.StorageManager.StorageProvider,StorageManager.StorageProvider,com.fsck.k9.mailstore,Structure
com.fsck.k9.mailstore.StorageManager.SynchronizationAid,StorageManager.SynchronizationAid,com.fsck.k9.mailstore,Structure
com.fsck.k9.mailstore.StoreSchemaDefinition,StoreSchemaDefinition,com.fsck.k9.mailstore,Structure
com.fsck.k9.mailstore.StoreSchemaDefinition.RealMigrationsHelper,StoreSchemaDefinition.RealMigrationsHelper,com.fsck.k9.mailstore,Structure
com.fsck.k9.mailstore.TempFileBody,TempFileBody,com.fsck.k9.mailstore,Structure
com.fsck.k9.mailstore.ThreadInfo,ThreadInfo,com.fsck.k9.mailstore,Structure
com.fsck.k9.mailstore.UnavailableStorageException,UnavailableStorageException,com.fsck.k9.mailstore,Structure
com.fsck.k9.mailstore.migrations.MigrationTo30,MigrationTo30,com.fsck.k9.mailstore.migrations,Structure
com.fsck.k9.mailstore.migrations.MigrationTo31,MigrationTo31,com.fsck.k9.mailstore.migrations,Structure
com.fsck.k9.mailstore.migrations.MigrationTo32,MigrationTo32,com.fsck.k9.mailstore.migrations,Structure
com.fsck.k9.mailstore.migrations.MigrationTo33,MigrationTo33,com.fsck.k9.mailstore.migrations,Structure
com.fsck.k9.mailstore.migrations.MigrationTo34,MigrationTo34,com.fsck.k9.mailstore.migrations,Structure
com.fsck.k9.mailstore.migrations.MigrationTo35,MigrationTo35,com.fsck.k9.mailstore.migrations,Structure
com.fsck.k9.mailstore.migrations.MigrationTo36,MigrationTo36,com.fsck.k9.mailstore.migrations,Structure
com.fsck.k9.mailstore.migrations.MigrationTo37,MigrationTo37,com.fsck.k9.mailstore.migrations,Structure
com.fsck.k9.mailstore.migrations.MigrationTo39,MigrationTo39,com.fsck.k9.mailstore.migrations,Structure
com.fsck.k9.mailstore.migrations.MigrationTo40,MigrationTo40,com.fsck.k9.mailstore.migrations,Structure
com.fsck.k9.mailstore.migrations.MigrationTo41,MigrationTo41,com.fsck.k9.mailstore.migrations,Structure
com.fsck.k9.mailstore.migrations.MigrationTo42,MigrationTo42,com.fsck.k9.mailstore.migrations,Structure
com.fsck.k9.mailstore.migrations.MigrationTo43,MigrationTo43,com.fsck.k9.mailstore.migrations,Structure
com.fsck.k9.mailstore.migrations.MigrationTo44,MigrationTo44,com.fsck.k9.mailstore.migrations,Structure
com.fsck.k9.mailstore.migrations.MigrationTo45,MigrationTo45,com.fsck.k9.mailstore.migrations,Structure
com.fsck.k9.mailstore.migrations.MigrationTo46,MigrationTo46,com.fsck.k9.mailstore.migrations,Structure
com.fsck.k9.mailstore.migrations.MigrationTo47,MigrationTo47,com.fsck.k9.mailstore.migrations,Structure
com.fsck.k9.mailstore.migrations.MigrationTo48,MigrationTo48,com.fsck.k9.mailstore.migrations,Structure
com.fsck.k9.mailstore.migrations.MigrationTo49,MigrationTo49,com.fsck.k9.mailstore.migrations,Structure
com.fsck.k9.mailstore.migrations.MigrationTo50,MigrationTo50,com.fsck.k9.mailstore.migrations,Structure
com.fsck.k9.mailstore.migrations.MigrationTo51,MigrationTo51,com.fsck.k9.mailstore.migrations,Structure
com.fsck.k9.mailstore.migrations.MigrationTo51.MimeStructureState,MigrationTo51.MimeStructureState,com.fsck.k9.mailstore.migrations,Structure
com.fsck.k9.mailstore.migrations.MigrationTo52,MigrationTo52,com.fsck.k9.mailstore.migrations,Structure
com.fsck.k9.mailstore.migrations.MigrationTo53,MigrationTo53,com.fsck.k9.mailstore.migrations,Structure
com.fsck.k9.mailstore.migrations.MigrationTo54,MigrationTo54,com.fsck.k9.mailstore.migrations,Structure
com.fsck.k9.mailstore.migrations.MigrationTo55,MigrationTo55,com.fsck.k9.mailstore.migrations,Structure
com.fsck.k9.mailstore.migrations.MigrationTo56,MigrationTo56,com.fsck.k9.mailstore.migrations,Structure
com.fsck.k9.mailstore.migrations.MigrationTo57,MigrationTo57,com.fsck.k9.mailstore.migrations,Structure
com.fsck.k9.mailstore.migrations.MigrationTo58,MigrationTo58,com.fsck.k9.mailstore.migrations,Structure
com.fsck.k9.mailstore.migrations.MigrationTo59,MigrationTo59,com.fsck.k9.mailstore.migrations,Structure
com.fsck.k9.mailstore.migrations.MigrationTo60,MigrationTo60,com.fsck.k9.mailstore.migrations,Structure
com.fsck.k9.mailstore.migrations.MigrationTo60.OldPendingCommand,MigrationTo60.OldPendingCommand,com.fsck.k9.mailstore.migrations,Structure
com.fsck.k9.mailstore.migrations.MigrationTo61,MigrationTo61,com.fsck.k9.mailstore.migrations,Structure
com.fsck.k9.mailstore.migrations.Migrations,Migrations,com.fsck.k9.mailstore.migrations,Structure
com.fsck.k9.mailstore.migrations.MigrationsHelper,MigrationsHelper,com.fsck.k9.mailstore.migrations,Structure
com.fsck.k9.mailstore.util.DeferredFileOutputStream,DeferredFileOutputStream,com.fsck.k9.mailstore.util,Structure
com.fsck.k9.mailstore.util.FileFactory,FileFactory,com.fsck.k9.mailstore.util,Structure
com.fsck.k9.mailstore.util.FlowedMessageUtils,FlowedMessageUtils,com.fsck.k9.mailstore.util,Structure
com.fsck.k9.message.AutocryptStatusInteractor,AutocryptStatusInteractor,com.fsck.k9.message,Structure
com.fsck.k9.message.AutocryptStatusInteractor.RecipientAutocryptStatus,AutocryptStatusInteractor.RecipientAutocryptStatus,com.fsck.k9.message,Structure
com.fsck.k9.message.AutocryptStatusInteractor.RecipientAutocryptStatusType,AutocryptStatusInteractor.RecipientAutocryptStatusType,com.fsck.k9.message,Structure
com.fsck.k9.message.ComposePgpEnableByDefaultDecider,ComposePgpEnableByDefaultDecider,com.fsck.k9.message,Structure
com.fsck.k9.message.ComposePgpInlineDecider,ComposePgpInlineDecider,com.fsck.k9.message,Structure
com.fsck.k9.message.IdentityField,IdentityField,com.fsck.k9.message,Structure
com.fsck.k9.message.IdentityHeaderBuilder,IdentityHeaderBuilder,com.fsck.k9.message,Structure
com.fsck.k9.message.IdentityHeaderParser,IdentityHeaderParser,com.fsck.k9.message,Structure
com.fsck.k9.message.MessageBuilder,MessageBuilder,com.fsck.k9.message,Structure
com.fsck.k9.message.MessageBuilder.Callback,MessageBuilder.Callback,com.fsck.k9.message,Structure
com.fsck.k9.message.PgpMessageBuilder,PgpMessageBuilder,com.fsck.k9.message,Structure
com.fsck.k9.message.QuotedTextMode,QuotedTextMode,com.fsck.k9.message,Structure
com.fsck.k9.message.SimpleMessageBuilder,SimpleMessageBuilder,com.fsck.k9.message,Structure
com.fsck.k9.message.SimpleMessageFormat,SimpleMessageFormat,com.fsck.k9.message,Structure
com.fsck.k9.message.TextBodyBuilder,TextBodyBuilder,com.fsck.k9.message,Structure
com.fsck.k9.message.extractors.AttachmentCounter,AttachmentCounter,com.fsck.k9.message.extractors,Structure
com.fsck.k9.message.extractors.AttachmentInfoExtractor,AttachmentInfoExtractor,com.fsck.k9.message.extractors,Structure
com.fsck.k9.message.extractors.BodyTextExtractor,BodyTextExtractor,com.fsck.k9.message.extractors,Structure
com.fsck.k9.message.extractors.EncryptionDetector,EncryptionDetector,com.fsck.k9.message.extractors,Structure
com.fsck.k9.message.extractors.MessageFulltextCreator,MessageFulltextCreator,com.fsck.k9.message.extractors,Structure
com.fsck.k9.message.extractors.MessagePreviewCreator,MessagePreviewCreator,com.fsck.k9.message.extractors,Structure
com.fsck.k9.message.extractors.PreviewExtractionException,PreviewExtractionException,com.fsck.k9.message.extractors,Structure
com.fsck.k9.message.extractors.PreviewResult,PreviewResult,com.fsck.k9.message.extractors,Structure
com.fsck.k9.message.extractors.PreviewResult.PreviewType,PreviewResult.PreviewType,com.fsck.k9.message.extractors,Structure
com.fsck.k9.message.extractors.PreviewTextExtractor,PreviewTextExtractor,com.fsck.k9.message.extractors,Structure
com.fsck.k9.message.extractors.TextPartFinder,TextPartFinder,com.fsck.k9.message.extractors,Structure
com.fsck.k9.message.html.BitcoinUriParser,BitcoinUriParser,com.fsck.k9.message.html,Structure
com.fsck.k9.message.html.EthereumUriParser,EthereumUriParser,com.fsck.k9.message.html,Structure
com.fsck.k9.message.html.HeadCleaner,HeadCleaner,com.fsck.k9.message.html,Structure
com.fsck.k9.message.html.HeadCleaner.CleaningVisitor,HeadCleaner.CleaningVisitor,com.fsck.k9.message.html,Structure
com.fsck.k9.message.html.HtmlConverter,HtmlConverter,com.fsck.k9.message.html,Structure
com.fsck.k9.message.html.HtmlConverter.HtmlToTextTagHandler,HtmlConverter.HtmlToTextTagHandler,com.fsck.k9.message.html,Structure
com.fsck.k9.message.html.HtmlConverter.ListTagHandler,HtmlConverter.ListTagHandler,com.fsck.k9.message.html,Structure
com.fsck.k9.message.html.HtmlProcessor,HtmlProcessor,com.fsck.k9.message.html,Structure
com.fsck.k9.message.html.HtmlSanitizer,HtmlSanitizer,com.fsck.k9.message.html,Structure
com.fsck.k9.message.html.HttpUriParser,HttpUriParser,com.fsck.k9.message.html,Structure
com.fsck.k9.message.html.UriLinkifier,UriLinkifier,com.fsck.k9.message.html,Structure
com.fsck.k9.message.html.UriParser,UriParser,com.fsck.k9.message.html,Structure
com.fsck.k9.message.quote.HtmlQuoteCreator,HtmlQuoteCreator,com.fsck.k9.message.quote,Structure
com.fsck.k9.message.quote.InsertableHtmlContent,InsertableHtmlContent,com.fsck.k9.message.quote,Structure
com.fsck.k9.message.quote.InsertableHtmlContent.InsertionLocation,InsertableHtmlContent.InsertionLocation,com.fsck.k9.message.quote,Structure
com.fsck.k9.message.quote.QuoteHelper,QuoteHelper,com.fsck.k9.message.quote,Structure
com.fsck.k9.message.quote.TextQuoteCreator,TextQuoteCreator,com.fsck.k9.message.quote,Structure
com.fsck.k9.message.signature.HtmlSignatureRemover,HtmlSignatureRemover,com.fsck.k9.message.signature,Structure
com.fsck.k9.message.signature.HtmlSignatureRemover.StripSignatureFilter,HtmlSignatureRemover.StripSignatureFilter,com.fsck.k9.message.signature,Structure
com.fsck.k9.message.signature.TextSignatureRemover,TextSignatureRemover,com.fsck.k9.message.signature,Structure
com.fsck.k9.notification.AddNotificationResult,AddNotificationResult,com.fsck.k9.notification,Structure
com.fsck.k9.notification.AuthenticationErrorNotifications,AuthenticationErrorNotifications,com.fsck.k9.notification,Structure
com.fsck.k9.notification.BaseNotifications,BaseNotifications,com.fsck.k9.notification,Structure
com.fsck.k9.notification.CertificateErrorNotifications,CertificateErrorNotifications,com.fsck.k9.notification,Structure
com.fsck.k9.notification.DeviceNotifications,DeviceNotifications,com.fsck.k9.notification,Structure
com.fsck.k9.notification.LockScreenNotification,LockScreenNotification,com.fsck.k9.notification,Structure
com.fsck.k9.notification.NewMailNotifications,NewMailNotifications,com.fsck.k9.notification,Structure
com.fsck.k9.notification.NotificationActionCreator,NotificationActionCreator,com.fsck.k9.notification,Structure
com.fsck.k9.notification.NotificationActionService,NotificationActionService,com.fsck.k9.notification,Structure
com.fsck.k9.notification.NotificationContent,NotificationContent,com.fsck.k9.notification,Structure
com.fsck.k9.notification.NotificationContentCreator,NotificationContentCreator,com.fsck.k9.notification,Structure
com.fsck.k9.notification.NotificationController,NotificationController,com.fsck.k9.notification,Structure
com.fsck.k9.notification.NotificationData,NotificationData,com.fsck.k9.notification,Structure
com.fsck.k9.notification.NotificationGroupKeys,NotificationGroupKeys,com.fsck.k9.notification,Structure
com.fsck.k9.notification.NotificationHolder,NotificationHolder,com.fsck.k9.notification,Structure
com.fsck.k9.notification.NotificationIds,NotificationIds,com.fsck.k9.notification,Structure
com.fsck.k9.notification.RemoveNotificationResult,RemoveNotificationResult,com.fsck.k9.notification,Structure
com.fsck.k9.notification.SendFailedNotifications,SendFailedNotifications,com.fsck.k9.notification,Structure
com.fsck.k9.notification.SyncNotifications,SyncNotifications,com.fsck.k9.notification,Structure
com.fsck.k9.notification.WearNotifications,WearNotifications,com.fsck.k9.notification,Structure
com.fsck.k9.power.DeviceIdleManager,DeviceIdleManager,com.fsck.k9.power,Structure
com.fsck.k9.power.DeviceIdleManager.NoOpDeviceIdleManager,DeviceIdleManager.NoOpDeviceIdleManager,com.fsck.k9.power,Structure
com.fsck.k9.power.DeviceIdleManager.RealDeviceIdleManager,DeviceIdleManager.RealDeviceIdleManager,com.fsck.k9.power,Structure
com.fsck.k9.power.DeviceIdleReceiver,DeviceIdleReceiver,com.fsck.k9.power,Structure
com.fsck.k9.power.DozeChecker,DozeChecker,com.fsck.k9.power,Structure
com.fsck.k9.preferences.AccountSettings,AccountSettings,com.fsck.k9.preferences,Structure
com.fsck.k9.preferences.AccountSettings.DeletePolicySetting,AccountSettings.DeletePolicySetting,com.fsck.k9.preferences,Structure
com.fsck.k9.preferences.AccountSettings.IntegerResourceSetting,AccountSettings.IntegerResourceSetting,com.fsck.k9.preferences,Structure
com.fsck.k9.preferences.AccountSettings.RingtoneSetting,AccountSettings.RingtoneSetting,com.fsck.k9.preferences,Structure
com.fsck.k9.preferences.AccountSettings.StorageProviderSetting,AccountSettings.StorageProviderSetting,com.fsck.k9.preferences,Structure
com.fsck.k9.preferences.AccountSettings.StringResourceSetting,AccountSettings.StringResourceSetting,com.fsck.k9.preferences,Structure
com.fsck.k9.preferences.CheckBoxListPreference,CheckBoxListPreference,com.fsck.k9.preferences,Structure
com.fsck.k9.preferences.FolderSettings,FolderSettings,com.fsck.k9.preferences,Structure
com.fsck.k9.preferences.GlobalSettings,GlobalSettings,com.fsck.k9.preferences,Structure
com.fsck.k9.preferences.GlobalSettings.DirectorySetting,GlobalSettings.DirectorySetting,com.fsck.k9.preferences,Structure
com.fsck.k9.preferences.GlobalSettings.LanguageSetting,GlobalSettings.LanguageSetting,com.fsck.k9.preferences,Structure
com.fsck.k9.preferences.GlobalSettings.SettingsUpgraderV12,GlobalSettings.SettingsUpgraderV12,com.fsck.k9.preferences,Structure
com.fsck.k9.preferences.GlobalSettings.SettingsUpgraderV24,GlobalSettings.SettingsUpgraderV24,com.fsck.k9.preferences,Structure
com.fsck.k9.preferences.GlobalSettings.SettingsUpgraderV31,GlobalSettings.SettingsUpgraderV31,com.fsck.k9.preferences,Structure
com.fsck.k9.preferences.GlobalSettings.SubThemeSetting,GlobalSettings.SubThemeSetting,com.fsck.k9.preferences,Structure
com.fsck.k9.preferences.GlobalSettings.ThemeSetting,GlobalSettings.ThemeSetting,com.fsck.k9.preferences,Structure
com.fsck.k9.preferences.GlobalSettings.TimeSetting,GlobalSettings.TimeSetting,com.fsck.k9.preferences,Structure
com.fsck.k9.preferences.IdentitySettings,IdentitySettings,com.fsck.k9.preferences,Structure
com.fsck.k9.preferences.IdentitySettings.OptionalEmailAddressSetting,IdentitySettings.OptionalEmailAddressSetting,com.fsck.k9.preferences,Structure
com.fsck.k9.preferences.IdentitySettings.SignatureSetting,IdentitySettings.SignatureSetting,com.fsck.k9.preferences,Structure
com.fsck.k9.preferences.Settings,Settings,com.fsck.k9.preferences,Structure
com.fsck.k9.preferences.Settings.BooleanSetting,Settings.BooleanSetting,com.fsck.k9.preferences,Structure
com.fsck.k9.preferences.Settings.ColorSetting,Settings.ColorSetting,com.fsck.k9.preferences,Structure
com.fsck.k9.preferences.Settings.EnumSetting,Settings.EnumSetting,com.fsck.k9.preferences,Structure
com.fsck.k9.preferences.Settings.FontSizeSetting,Settings.FontSizeSetting,com.fsck.k9.preferences,Structure
com.fsck.k9.preferences.Settings.IntegerRangeSetting,Settings.IntegerRangeSetting,com.fsck.k9.preferences,Structure
com.fsck.k9.preferences.Settings.InvalidSettingValueException,Settings.InvalidSettingValueException,com.fsck.k9.preferences,Structure
com.fsck.k9.preferences.Settings.PseudoEnumSetting,Settings.PseudoEnumSetting,com.fsck.k9.preferences,Structure
com.fsck.k9.preferences.Settings.SettingsDescription,Settings.SettingsDescription,com.fsck.k9.preferences,Structure
com.fsck.k9.preferences.Settings.SettingsUpgrader,Settings.SettingsUpgrader,com.fsck.k9.preferences,Structure
com.fsck.k9.preferences.Settings.StringSetting,Settings.StringSetting,com.fsck.k9.preferences,Structure
com.fsck.k9.preferences.Settings.V,Settings.V,com.fsck.k9.preferences,Structure
com.fsck.k9.preferences.Settings.WebFontSizeSetting,Settings.WebFontSizeSetting,com.fsck.k9.preferences,Structure
com.fsck.k9.preferences.SettingsExporter,SettingsExporter,com.fsck.k9.preferences,Structure
com.fsck.k9.preferences.SettingsImportExportException,SettingsImportExportException,com.fsck.k9.preferences,Structure
com.fsck.k9.preferences.SettingsImporter,SettingsImporter,com.fsck.k9.preferences,Structure
com.fsck.k9.preferences.SettingsImporter.AccountDescription,SettingsImporter.AccountDescription,com.fsck.k9.preferences,Structure
com.fsck.k9.preferences.SettingsImporter.AccountDescriptionPair,SettingsImporter.AccountDescriptionPair,com.fsck.k9.preferences,Structure
com.fsck.k9.preferences.SettingsImporter.ImportContents,SettingsImporter.ImportContents,com.fsck.k9.preferences,Structure
com.fsck.k9.preferences.SettingsImporter.ImportResults,SettingsImporter.ImportResults,com.fsck.k9.preferences,Structure
com.fsck.k9.preferences.SettingsImporter.Imported,SettingsImporter.Imported,com.fsck.k9.preferences,Structure
com.fsck.k9.preferences.SettingsImporter.ImportedAccount,SettingsImporter.ImportedAccount,com.fsck.k9.preferences,Structure
com.fsck.k9.preferences.SettingsImporter.ImportedFolder,SettingsImporter.ImportedFolder,com.fsck.k9.preferences,Structure
com.fsck.k9.preferences.SettingsImporter.ImportedIdentity,SettingsImporter.ImportedIdentity,com.fsck.k9.preferences,Structure
com.fsck.k9.preferences.SettingsImporter.ImportedServer,SettingsImporter.ImportedServer,com.fsck.k9.preferences,Structure
com.fsck.k9.preferences.SettingsImporter.ImportedServerSettings,SettingsImporter.ImportedServerSettings,com.fsck.k9.preferences,Structure
com.fsck.k9.preferences.SettingsImporter.ImportedSettings,SettingsImporter.ImportedSettings,com.fsck.k9.preferences,Structure
com.fsck.k9.preferences.Storage,Storage,com.fsck.k9.preferences,Structure
com.fsck.k9.preferences.StorageEditor,StorageEditor,com.fsck.k9.preferences,Structure
com.fsck.k9.preferences.TimePickerPreference,TimePickerPreference,com.fsck.k9.preferences,Structure
com.fsck.k9.provider.AttachmentProvider,AttachmentProvider,com.fsck.k9.provider,Structure
com.fsck.k9.provider.AttachmentProvider.AttachmentProviderColumns,AttachmentProvider.AttachmentProviderColumns,com.fsck.k9.provider,Structure
com.fsck.k9.provider.AttachmentTempFileProvider,AttachmentTempFileProvider,com.fsck.k9.provider,Structure
com.fsck.k9.provider.AttachmentTempFileProvider.AttachmentTempFileProviderCleanupReceiver,AttachmentTempFileProvider.AttachmentTempFileProviderCleanupReceiver,com.fsck.k9.provider,Structure
com.fsck.k9.provider.DecryptedFileProvider,DecryptedFileProvider,com.fsck.k9.provider,Structure
com.fsck.k9.provider.DecryptedFileProvider.DecryptedFileProviderCleanupReceiver,DecryptedFileProvider.DecryptedFileProviderCleanupReceiver,com.fsck.k9.provider,Structure
com.fsck.k9.provider.EmailProvider,EmailProvider,com.fsck.k9.provider,Structure
com.fsck.k9.provider.EmailProvider.FolderColumns,EmailProvider.FolderColumns,com.fsck.k9.provider,Structure
com.fsck.k9.provider.EmailProvider.IdTrickeryCursor,EmailProvider.IdTrickeryCursor,com.fsck.k9.provider,Structure
com.fsck.k9.provider.EmailProvider.InternalMessageColumns,EmailProvider.InternalMessageColumns,com.fsck.k9.provider,Structure
com.fsck.k9.provider.EmailProvider.MessageColumns,EmailProvider.MessageColumns,com.fsck.k9.provider,Structure
com.fsck.k9.provider.EmailProvider.SpecialColumns,EmailProvider.SpecialColumns,com.fsck.k9.provider,Structure
com.fsck.k9.provider.EmailProvider.SpecialColumnsCursor,EmailProvider.SpecialColumnsCursor,com.fsck.k9.provider,Structure
com.fsck.k9.provider.EmailProvider.StatsColumns,EmailProvider.StatsColumns,com.fsck.k9.provider,Structure
com.fsck.k9.provider.EmailProvider.ThreadColumns,EmailProvider.ThreadColumns,com.fsck.k9.provider,Structure
com.fsck.k9.provider.MessageProvider,MessageProvider,com.fsck.k9.provider,Structure
com.fsck.k9.provider.MessageProvider.AccountColorExtractor,MessageProvider.AccountColorExtractor,com.fsck.k9.provider,Structure
com.fsck.k9.provider.MessageProvider.AccountColumns,MessageProvider.AccountColumns,com.fsck.k9.provider,Structure
com.fsck.k9.provider.MessageProvider.AccountExtractor,MessageProvider.AccountExtractor,com.fsck.k9.provider,Structure
com.fsck.k9.provider.MessageProvider.AccountNumberExtractor,MessageProvider.AccountNumberExtractor,com.fsck.k9.provider,Structure
com.fsck.k9.provider.MessageProvider.AccountsQueryHandler,MessageProvider.AccountsQueryHandler,com.fsck.k9.provider,Structure
com.fsck.k9.provider.MessageProvider.CountExtractor,MessageProvider.CountExtractor,com.fsck.k9.provider,Structure
com.fsck.k9.provider.MessageProvider.DeleteUriExtractor,MessageProvider.DeleteUriExtractor,com.fsck.k9.provider,Structure
com.fsck.k9.provider.MessageProvider.FieldExtractor,MessageProvider.FieldExtractor,com.fsck.k9.provider,Structure
com.fsck.k9.provider.MessageProvider.HasAttachmentsExtractor,MessageProvider.HasAttachmentsExtractor,com.fsck.k9.provider,Structure
com.fsck.k9.provider.MessageProvider.HasStarExtractor,MessageProvider.HasStarExtractor,com.fsck.k9.provider,Structure
com.fsck.k9.provider.MessageProvider.IdExtractor,MessageProvider.IdExtractor,com.fsck.k9.provider,Structure
com.fsck.k9.provider.MessageProvider.IncrementExtractor,MessageProvider.IncrementExtractor,com.fsck.k9.provider,Structure
com.fsck.k9.provider.MessageProvider.MessageColumns,MessageProvider.MessageColumns,com.fsck.k9.provider,Structure
com.fsck.k9.provider.MessageProvider.MessageInfoHolderRetrieverListener,MessageProvider.MessageInfoHolderRetrieverListener,com.fsck.k9.provider,Structure
com.fsck.k9.provider.MessageProvider.MessagesQueryHandler,MessageProvider.MessagesQueryHandler,com.fsck.k9.provider,Structure
com.fsck.k9.provider.MessageProvider.MonitoredCursor,MessageProvider.MonitoredCursor,com.fsck.k9.provider,Structure
com.fsck.k9.provider.MessageProvider.PreviewExtractor,MessageProvider.PreviewExtractor,com.fsck.k9.provider,Structure
com.fsck.k9.provider.MessageProvider.QueryHandler,MessageProvider.QueryHandler,com.fsck.k9.provider,Structure
com.fsck.k9.provider.MessageProvider.ReverseDateComparator,MessageProvider.ReverseDateComparator,com.fsck.k9.provider,Structure
com.fsck.k9.provider.MessageProvider.SendDateExtractor,MessageProvider.SendDateExtractor,com.fsck.k9.provider,Structure
com.fsck.k9.provider.MessageProvider.SenderAddressExtractor,MessageProvider.SenderAddressExtractor,com.fsck.k9.provider,Structure
com.fsck.k9.provider.MessageProvider.SenderExtractor,MessageProvider.SenderExtractor,com.fsck.k9.provider,Structure
com.fsck.k9.provider.MessageProvider.SubjectExtractor,MessageProvider.SubjectExtractor,com.fsck.k9.provider,Structure
com.fsck.k9.provider.MessageProvider.ThrottlingQueryHandler,MessageProvider.ThrottlingQueryHandler,com.fsck.k9.provider,Structure
com.fsck.k9.provider.MessageProvider.UnreadColumns,MessageProvider.UnreadColumns,com.fsck.k9.provider,Structure
com.fsck.k9.provider.MessageProvider.UnreadExtractor,MessageProvider.UnreadExtractor,com.fsck.k9.provider,Structure
com.fsck.k9.provider.MessageProvider.UnreadQueryHandler,MessageProvider.UnreadQueryHandler,com.fsck.k9.provider,Structure
com.fsck.k9.provider.MessageProvider.UriExtractor,MessageProvider.UriExtractor,com.fsck.k9.provider,Structure
com.fsck.k9.provider.UnreadWidgetProvider,UnreadWidgetProvider,com.fsck.k9.provider,Structure
com.fsck.k9.remotecontrol.AccountReceiver,AccountReceiver,com.fsck.k9.remotecontrol,Structure
com.fsck.k9.remotecontrol.K9AccountReceptor,K9AccountReceptor,com.fsck.k9.remotecontrol,Structure
com.fsck.k9.remotecontrol.K9RemoteControl,K9RemoteControl,com.fsck.k9.remotecontrol,Structure
com.fsck.k9.search.ConditionsTreeNode,ConditionsTreeNode,com.fsck.k9.search,Structure
com.fsck.k9.search.ConditionsTreeNode.Operator,ConditionsTreeNode.Operator,com.fsck.k9.search,Structure
com.fsck.k9.search.LocalSearch,LocalSearch,com.fsck.k9.search,Structure
com.fsck.k9.search.SearchAccount,SearchAccount,com.fsck.k9.search,Structure
com.fsck.k9.search.SearchSpecification,SearchSpecification,com.fsck.k9.search,Structure
com.fsck.k9.search.SearchSpecification.Attribute,SearchSpecification.Attribute,com.fsck.k9.search,Structure
com.fsck.k9.search.SearchSpecification.SearchCondition,SearchSpecification.SearchCondition,com.fsck.k9.search,Structure
com.fsck.k9.search.SearchSpecification.SearchField,SearchSpecification.SearchField,com.fsck.k9.search,Structure
com.fsck.k9.search.SqlQueryBuilder,SqlQueryBuilder,com.fsck.k9.search,Structure
com.fsck.k9.service.BootReceiver,BootReceiver,com.fsck.k9.service,Structure
com.fsck.k9.service.CoreReceiver,CoreReceiver,com.fsck.k9.service,Structure
com.fsck.k9.service.CoreService,CoreService,com.fsck.k9.service,Structure
com.fsck.k9.service.DatabaseUpgradeService,DatabaseUpgradeService,com.fsck.k9.service,Structure
com.fsck.k9.service.MailService,MailService,com.fsck.k9.service,Structure
com.fsck.k9.service.PollService,PollService,com.fsck.k9.service,Structure
com.fsck.k9.service.PollService.Listener,PollService.Listener,com.fsck.k9.service,Structure
com.fsck.k9.service.PushService,PushService,com.fsck.k9.service,Structure
com.fsck.k9.service.RemoteControlReceiver,RemoteControlReceiver,com.fsck.k9.service,Structure
com.fsck.k9.service.RemoteControlService,RemoteControlService,com.fsck.k9.service,Structure
com.fsck.k9.service.ShutdownReceiver,ShutdownReceiver,com.fsck.k9.service,Structure
com.fsck.k9.service.SleepService,SleepService,com.fsck.k9.service,Structure
com.fsck.k9.service.SleepService.SleepDatum,SleepService.SleepDatum,com.fsck.k9.service,Structure
com.fsck.k9.service.StorageGoneReceiver,StorageGoneReceiver,com.fsck.k9.service,Structure
com.fsck.k9.service.StorageReceiver,StorageReceiver,com.fsck.k9.service,Structure
com.fsck.k9.setup.ServerNameSuggester,ServerNameSuggester,com.fsck.k9.setup,Structure
com.fsck.k9.ui.ContactBadge,ContactBadge,com.fsck.k9.ui,Structure
com.fsck.k9.ui.ContactBadge.QueryHandler,ContactBadge.QueryHandler,com.fsck.k9.ui,Structure
com.fsck.k9.ui.EolConvertingEditText,EolConvertingEditText,com.fsck.k9.ui,Structure
com.fsck.k9.ui.compose.QuotedMessageMvpView,QuotedMessageMvpView,com.fsck.k9.ui.compose,Structure
com.fsck.k9.ui.compose.QuotedMessagePresenter,QuotedMessagePresenter,com.fsck.k9.ui.compose,Structure
com.fsck.k9.ui.crypto.MessageCryptoAnnotations,MessageCryptoAnnotations,com.fsck.k9.ui.crypto,Structure
com.fsck.k9.ui.crypto.MessageCryptoCallback,MessageCryptoCallback,com.fsck.k9.ui.crypto,Structure
com.fsck.k9.ui.crypto.MessageCryptoHelper,MessageCryptoHelper,com.fsck.k9.ui.crypto,Structure
com.fsck.k9.ui.crypto.MessageCryptoHelper.CryptoPart,MessageCryptoHelper.CryptoPart,com.fsck.k9.ui.crypto,Structure
com.fsck.k9.ui.crypto.MessageCryptoHelper.CryptoPartType,MessageCryptoHelper.CryptoPartType,com.fsck.k9.ui.crypto,Structure
com.fsck.k9.ui.crypto.MessageCryptoHelper.State,MessageCryptoHelper.State,com.fsck.k9.ui.crypto,Structure
com.fsck.k9.ui.crypto.OpenPgpApiFactory,OpenPgpApiFactory,com.fsck.k9.ui.crypto,Structure
com.fsck.k9.ui.dialog.ApgDeprecationWarningDialog,ApgDeprecationWarningDialog,com.fsck.k9.ui.dialog,Structure
com.fsck.k9.ui.message.LocalMessageExtractorLoader,LocalMessageExtractorLoader,com.fsck.k9.ui.message,Structure
com.fsck.k9.ui.message.LocalMessageLoader,LocalMessageLoader,com.fsck.k9.ui.message,Structure
com.fsck.k9.ui.messageview.AttachmentController,AttachmentController,com.fsck.k9.ui.messageview,Structure
com.fsck.k9.ui.messageview.AttachmentController.IntentAndResolvedActivitiesCount,AttachmentController.IntentAndResolvedActivitiesCount,com.fsck.k9.ui.messageview,Structure
com.fsck.k9.ui.messageview.AttachmentController.SaveAttachmentAsyncTask,AttachmentController.SaveAttachmentAsyncTask,com.fsck.k9.ui.messageview,Structure
com.fsck.k9.ui.messageview.AttachmentController.ViewAttachmentAsyncTask,AttachmentController.ViewAttachmentAsyncTask,com.fsck.k9.ui.messageview,Structure
com.fsck.k9.ui.messageview.AttachmentView,AttachmentView,com.fsck.k9.ui.messageview,Structure
com.fsck.k9.ui.messageview.AttachmentViewCallback,AttachmentViewCallback,com.fsck.k9.ui.messageview,Structure
com.fsck.k9.ui.messageview.CryptoInfoDialog,CryptoInfoDialog,com.fsck.k9.ui.messageview,Structure
com.fsck.k9.ui.messageview.CryptoInfoDialog.OnClickShowCryptoKeyListener,CryptoInfoDialog.OnClickShowCryptoKeyListener,com.fsck.k9.ui.messageview,Structure
com.fsck.k9.ui.messageview.DownloadImageTask,DownloadImageTask,com.fsck.k9.ui.messageview,Structure
com.fsck.k9.ui.messageview.LockedAttachmentView,LockedAttachmentView,com.fsck.k9.ui.messageview,Structure
com.fsck.k9.ui.messageview.MessageContainerView,MessageContainerView,com.fsck.k9.ui.messageview,Structure
com.fsck.k9.ui.messageview.MessageContainerView.OnRenderingFinishedListener,MessageContainerView.OnRenderingFinishedListener,com.fsck.k9.ui.messageview,Structure
com.fsck.k9.ui.messageview.MessageContainerView.SavedState,MessageContainerView.SavedState,com.fsck.k9.ui.messageview,Structure
com.fsck.k9.ui.messageview.MessageCryptoPresenter,MessageCryptoPresenter,com.fsck.k9.ui.messageview,Structure
com.fsck.k9.ui.messageview.MessageCryptoPresenter.MessageCryptoMvpView,MessageCryptoPresenter.MessageCryptoMvpView,com.fsck.k9.ui.messageview,Structure
com.fsck.k9.ui.messageview.MessageTopView,MessageTopView,com.fsck.k9.ui.messageview,Structure
com.fsck.k9.ui.messageview.MessageViewFragment,MessageViewFragment,com.fsck.k9.ui.messageview,Structure
com.fsck.k9.ui.messageview.MessageViewFragment.MessageViewFragmentListener,MessageViewFragment.MessageViewFragmentListener,com.fsck.k9.ui.messageview,Structure
com.fsck.k9.ui.messageview.OnCryptoClickListener,OnCryptoClickListener,com.fsck.k9.ui.messageview,Structure
com.fsck.k9.view.ClientCertificateSpinner,ClientCertificateSpinner,com.fsck.k9.view,Structure
com.fsck.k9.view.ClientCertificateSpinner.OnClientCertificateChangedListener,ClientCertificateSpinner.OnClientCertificateChangedListener,com.fsck.k9.view,Structure
com.fsck.k9.view.ColorChip,ColorChip,com.fsck.k9.view,Structure
com.fsck.k9.view.CryptoModeSelector,CryptoModeSelector,com.fsck.k9.view,Structure
com.fsck.k9.view.CryptoModeSelector.CryptoModeSelectorState,CryptoModeSelector.CryptoModeSelectorState,com.fsck.k9.view,Structure
com.fsck.k9.view.CryptoModeSelector.CryptoStatusSelectedListener,CryptoModeSelector.CryptoStatusSelectedListener,com.fsck.k9.view,Structure
com.fsck.k9.view.FoldableLinearLayout,FoldableLinearLayout,com.fsck.k9.view,Structure
com.fsck.k9.view.FoldableLinearLayout.SavedState,FoldableLinearLayout.SavedState,com.fsck.k9.view,Structure
com.fsck.k9.view.HighlightDialogFragment,HighlightDialogFragment,com.fsck.k9.view,Structure
com.fsck.k9.view.K9WebViewClient,K9WebViewClient,com.fsck.k9.view,Structure
com.fsck.k9.view.K9WebViewClient.LollipopWebViewClient,K9WebViewClient.LollipopWebViewClient,com.fsck.k9.view,Structure
com.fsck.k9.view.K9WebViewClient.PreLollipopWebViewClient,K9WebViewClient.PreLollipopWebViewClient,com.fsck.k9.view,Structure
com.fsck.k9.view.LinearViewAnimator,LinearViewAnimator,com.fsck.k9.view,Structure
com.fsck.k9.view.MessageCryptoDisplayStatus,MessageCryptoDisplayStatus,com.fsck.k9.view,Structure
com.fsck.k9.view.MessageCryptoStatusView,MessageCryptoStatusView,com.fsck.k9.view,Structure
com.fsck.k9.view.MessageHeader,MessageHeader,com.fsck.k9.view,Structure
com.fsck.k9.view.MessageHeader.HeaderEntry,MessageHeader.HeaderEntry,com.fsck.k9.view,Structure
com.fsck.k9.view.MessageHeader.OnLayoutChangedListener,MessageHeader.OnLayoutChangedListener,com.fsck.k9.view,Structure
com.fsck.k9.view.MessageHeader.SavedState,MessageHeader.SavedState,com.fsck.k9.view,Structure
com.fsck.k9.view.MessageTitleView,MessageTitleView,com.fsck.k9.view,Structure
com.fsck.k9.view.MessageWebView,MessageWebView,com.fsck.k9.view,Structure
com.fsck.k9.view.MessageWebView.OnPageFinishedListener,MessageWebView.OnPageFinishedListener,com.fsck.k9.view,Structure
com.fsck.k9.view.NonLockingScrollView,NonLockingScrollView,com.fsck.k9.view,Structure
com.fsck.k9.view.NonLockingScrollView.HierarchyTreeChangeListener,NonLockingScrollView.HierarchyTreeChangeListener,com.fsck.k9.view,Structure
com.fsck.k9.view.RecipientSelectView,RecipientSelectView,com.fsck.k9.view,Structure
com.fsck.k9.view.RecipientSelectView.Recipient,RecipientSelectView.Recipient,com.fsck.k9.view,Structure
com.fsck.k9.view.RecipientSelectView.RecipientCryptoStatus,RecipientSelectView.RecipientCryptoStatus,com.fsck.k9.view,Structure
com.fsck.k9.view.RecipientSelectView.RecipientTokenSpan,RecipientSelectView.RecipientTokenSpan,com.fsck.k9.view,Structure
com.fsck.k9.view.RecipientSelectView.RecipientTokenViewHolder,RecipientSelectView.RecipientTokenViewHolder,com.fsck.k9.view,Structure
com.fsck.k9.view.RecipientSelectView.TokenListener,RecipientSelectView.TokenListener,com.fsck.k9.view,Structure
com.fsck.k9.view.RigidWebView,RigidWebView,com.fsck.k9.view,Structure
com.fsck.k9.view.ThemeUtils,ThemeUtils,com.fsck.k9.view,Structure
com.fsck.k9.view.ToolableViewAnimator,ToolableViewAnimator,com.fsck.k9.view,Structure
com.fsck.k9.view.ViewSwitcher,ViewSwitcher,com.fsck.k9.view,Structure
com.fsck.k9.view.ViewSwitcher.OnSwitchCompleteListener,ViewSwitcher.OnSwitchCompleteListener,com.fsck.k9.view,Structure
com.fsck.k9.widget.list.MessageListRemoteViewFactory,MessageListRemoteViewFactory,com.fsck.k9.widget.list,Structure
com.fsck.k9.widget.list.MessageListRemoteViewFactory.MailItem,MessageListRemoteViewFactory.MailItem,com.fsck.k9.widget.list,Structure
com.fsck.k9.widget.list.MessageListWidgetProvider,MessageListWidgetProvider,com.fsck.k9.widget.list,Structure
com.fsck.k9.widget.list.MessageListWidgetService,MessageListWidgetService,com.fsck.k9.widget.list,Structure