"CD_AnnotatedMembers","CD_AnnotatedMembers_Overlap","CD_AnnotatedMembers_Pvalue","CD_AnnotatedMembers_Size","CD_CommunityName","CD_Labeled","CD_MemberList","CD_MemberList_LogSize","CD_MemberList_Size","level","name","selected","shared name","wordcloud.sync"
,"0.0","0.0","0",,"false","AbstractPhotoController AbstractPhotoController.EnvironmentChangeListener AbstractPhotoController.Property AppletApplication AppletApplication.AppletBasicService AppletApplication.AppletFurnitureTable AppletApplication.StandaloneServiceManager AppletContentManager AppletUserPreferences AspectRatio AutoCommitSpinner AutoCommitSpinner.SpinnerModuloNumberModel AutoCompleteTextField AutoCompleteTextField.AutoCompleteDocument AutoRecoveryManager BackgroundImage BackgroundImageWizardController BackgroundImageWizardController.BackgroundImageUndoableEdit BackgroundImageWizardController.BackgroundImageWizardStepState BackgroundImageWizardController.ImageChoiceStepState BackgroundImageWizardController.ImageOriginStepState BackgroundImageWizardController.ImageScaleStepState BackgroundImageWizardController.Property BackgroundImageWizardController.Step BackgroundImageWizardStepsPanel BackgroundImageWizardStepsPanel.OriginImagePreviewComponent BackgroundImageWizardStepsPanel.ScaleImagePreviewComponent BackgroundImageWizardStepsPanel.ScaleImagePreviewComponent.ActionType Base64 Base64.OutputStream Baseboard BaseboardChoiceComponent BaseboardChoiceController BaseboardChoiceController.BaseboardPaint BaseboardChoiceController.Property Camera Camera.Lens Camera.Property CatalogDoorOrWindow CatalogItem CatalogItemToolTip CatalogItemToolTip.DisplayedInformation CatalogLight CatalogPieceOfFurniture CatalogTexture CollectionChangeSupport CollectionEvent CollectionEvent.Type CollectionListener ColorButton ColorButton.ColorChart ColorButton.ColorCode ColorButton.GrayColorChart ColorButton.PaletteComboBox ColorButton.PalettesColorChooserPanel ColorButton.RecentColorsPanel Compass Compass.GeographicPoint Compass.Property CompassController CompassController.CompassUndoableEdit CompassController.Property CompassPanel Component3DManager Component3DManager.ObservedCanvas3D Component3DManager.RenderingErrorListenerManager Component3DManager.RenderingErrorObserver Component3DManager.RenderingObserver Content ContentDigestManager ContentDigestManager.ZipEntryData ContentManager ContentManager.ContentType ContentRecording Controller ControllerAction DAELoader DAELoader.DAEHandler DamagedHomeIOException DamagedHomeRecorderException DefaultFurnitureCatalog DefaultFurnitureCatalog.PropertyKey DefaultHomeInputStream DefaultHomeInputStream.CopiedInputStream DefaultHomeInputStream.HomeObjectInputStream DefaultHomeOutputStream DefaultHomeOutputStream.HomeContentObjectsTracker DefaultHomeOutputStream.HomeObjectOutputStream DefaultLibrary DefaultPatternTexture DefaultTexturesCatalog DefaultTexturesCatalog.PropertyKey DefaultUserPreferences DialogView DimensionLine DimensionLine.Property DoorOrWindow Elevatable ExportableView ExportableView.FormatType ExtensionsClassLoader FileContentManager FileContentManager.DirectoryChooser FileContentManager.DirectoryChooser.DirectoryNode FileUserPreferences FileUserPreferences.PortablePreferences FileUserPreferences.PreferencesURLContent FontNameComboBox FurnitureCatalog FurnitureCatalogController FurnitureCatalogController.AddedFurnitureSelector FurnitureCatalogController.FurnitureCatalogChangeListener FurnitureCatalogController.FurnitureCatalogViewChangeListener FurnitureCatalogListPanel FurnitureCatalogListPanel.CatalogCellRenderer FurnitureCatalogListPanel.FurnitureCatalogListModel FurnitureCatalogListPanel.FurnitureCatalogListModel.FurnitureCatalogListener FurnitureCatalogListPanel.PreferencesChangeListener FurnitureCatalogTransferHandler FurnitureCatalogTree FurnitureCatalogTree.CatalogCellRenderer FurnitureCatalogTree.CatalogTreeModel FurnitureCatalogTree.CatalogTreeModel.CatalogFurnitureListener FurnitureCategory FurnitureController FurnitureController.AlignedPieceOfFurniture FurnitureController.AlignmentAction FurnitureTable FurnitureTable.FurnitureFilter FurnitureTable.FurnitureTableColumnModel FurnitureTable.FurnitureTableColumnModel.BooleanRenderer FurnitureTable.FurnitureTableColumnModel.LanguageChangeListener FurnitureTable.FurnitureTableColumnModel.PriceRenderer FurnitureTable.FurnitureTableColumnModel.SizeRenderer FurnitureTable.FurnitureTreeTableModel FurnitureTable.RunnableContext FurnitureTable.TreeTableNameCellRenderer FurnitureTable.TreeTableNameCellRenderer.PanelWithInformationIcon FurnitureTable.UserPreferencesChangeListener FurnitureTransferHandler Ground3D Ground3D.LevelAreas HelpController HelpController.HelpDocument HelpController.HelpDocument.HelpReader HelpController.LanguageChangeListener HelpController.Property HelpPane HelpPane.ActionType HelpPane.LanguageChangeListener HelpView Home Home.Property Home3DAttributesController Home3DAttributesController.EnvironmentPaint Home3DAttributesController.Home3DAttributesModificationUndoableEdit Home3DAttributesController.Property Home3DAttributesPanel HomeAppletController HomeAppletRecorder HomeAppletRecorder.LengthOutputStream HomeApplication HomeComponent3D HomeComponent3D.ActionType HomeComponent3D.CameraInterpolator HomeComponent3D.ElevateCameraAction HomeComponent3D.JCanvas3DWithNavigationPanel HomeComponent3D.MoveCameraAction HomeComponent3D.MoveCameraSidewaysAction HomeComponent3D.NavigationButton HomeComponent3D.NavigationPanelChangeListener HomeComponent3D.RotateCameraPitchAction HomeComponent3D.RotateCameraYawAction HomeContentContext HomeController HomeController.FurnitureCatalogChangeListener HomeController.LanguageChangeListener HomeController.TexturesCatalogChangeListener HomeController.Update HomeController.UpdatesHandler HomeController.UserPreferencesChangeListener HomeController.UserPreferencesPropertiesChangeListener HomeController3D HomeController3D.CameraControllerState HomeController3D.ObserverCameraState HomeController3D.TopCameraState HomeController3D.UserPreferencesChangeListener HomeDescriptor HomeDoorOrWindow HomeEnvironment HomeEnvironment.DrawingMode HomeEnvironment.Property HomeFileRecorder HomeFrameController HomeFramePane HomeFramePane.LanguageChangeListener HomeFurnitureController HomeFurnitureController.FurnitureHorizontalAxis HomeFurnitureController.FurnitureModificationUndoableEdit HomeFurnitureController.FurniturePaint HomeFurnitureController.FurnitureShininess HomeFurnitureController.ModifiedDoorOrWindow HomeFurnitureController.ModifiedFurnitureGroup HomeFurnitureController.ModifiedLight HomeFurnitureController.ModifiedPieceOfFurniture HomeFurnitureController.Property HomeFurnitureGroup HomeFurnitureGroup.LocationAndSizeChangeListener HomeFurniturePanel HomeLight HomeLight.Property HomeMaterial HomeObject HomePDFPrinter HomePane HomePane.ActionAdapter HomePane.FocusCycleRootChangeListener HomePane.FocusOwnerChangeListener HomePane.FurnitureCatalogViewChangeListener HomePane.LanguageChangeListener HomePane.MenuActionType HomePane.MouseAndFocusListener HomePane.OBJExporter HomePane.PopupMenuListenerWithMouseLocation HomePane.RulersVisibilityChangeListener HomePane.SelectableFormat HomePieceOfFurniture HomePieceOfFurniture.SortableProperty HomePieceOfFurniture3D HomePieceOfFurniture3D.DefaultMaterialAndTexture HomePieceOfFurniture3D.LightSelectionListener HomePluginController HomePrint HomePrint.PaperOrientation HomePrintableComponent HomePrintableComponent.Variable HomeRecorder HomeRecorder.Type HomeTexture HomeTransferableList HomeURLContent HomeView HomeView.ActionType HomeView.OpenDamagedHomeAnswer HomeView.SaveAnswer HomeXMLExporter HomeXMLExporter.PieceOfFurnitureExporter HomeXMLHandler HomeXMLHandler.JoinedWall IconManager IconManager.IconProxy ImportedFurnitureWizardController ImportedFurnitureWizardController.FurnitureAttributesStepState ImportedFurnitureWizardController.FurnitureIconStepState ImportedFurnitureWizardController.FurnitureModelStepState ImportedFurnitureWizardController.FurnitureOrientationStepState ImportedFurnitureWizardController.ImportedFurnitureWizardStepState ImportedFurnitureWizardController.PieceOfFurnitureImportationUndoableEdit ImportedFurnitureWizardController.Property ImportedFurnitureWizardController.Step ImportedFurnitureWizardStepsPanel ImportedFurnitureWizardStepsPanel.AbstractModelPreviewComponent ImportedFurnitureWizardStepsPanel.AttributesPreviewComponent ImportedFurnitureWizardStepsPanel.AutoRepeatButton ImportedFurnitureWizardStepsPanel.IconPreviewComponent ImportedFurnitureWizardStepsPanel.RotationPreviewComponent ImportedFurnitureWizardStepsView ImportedTextureWizardController ImportedTextureWizardController.ImportedTextureWizardStepState ImportedTextureWizardController.Property ImportedTextureWizardController.Step ImportedTextureWizardController.TextureAttributesStepState ImportedTextureWizardController.TextureImageStepState ImportedTextureWizardStepsPanel InterruptedPrinterException InterruptedRecorderException JPEGImagesToVideo Label Label.Property Label3D LabelController LabelController.LabelCreationUndoableEdit LabelController.LabelModificationUndoableEdit LabelController.ModifiedLabel LabelController.Property LabelPanel LengthUnit LengthUnit.InchDecimalsFormat LengthUnit.MeterFamilyFormat LengthUnit.SquareFootAreaFormatWithUnit LengthUnit.SquareMeterAreaFormatWithUnit Level Level.Property LevelController LevelController.LevelModificationUndoableEdit LevelController.ModifiedLevel LevelController.Property LevelPanel LevelPanel.LevelsTableModel Library Light LightSource LocatedTransferHandler MacOSXConfiguration Max3DSLoader Max3DSLoader.Chunk3DS Max3DSLoader.ChunkID Max3DSLoader.ChunksInputStream Max3DSLoader.Face3DS Max3DSLoader.Material3DS Max3DSLoader.Mesh3DS Max3DSLoader.Mesh3DSSharedVertex ModelManager ModelManager.ModelObserver ModelManager.SVGPathSupport ModelMaterialsComponent ModelMaterialsComponent.ModelMaterialsPanel ModelMaterialsComponent.ModelMaterialsPanel.MaterialBlinker ModelMaterialsComponent.ModelMaterialsPanel.MaterialListCellRenderer ModelMaterialsComponent.ModelMaterialsPanel.MaterialsListModel ModelMaterialsController ModelMaterialsController.Property ModelPreviewComponent ModelPreviewComponent.JCanvas3DWithNotifiedPaint MultipleLevelsPlanPanel MultipleLevelsPlanPanel.LanguageChangeListener MultipleLevelsPlanPanel.LevelLabel NotEnoughSpaceRecorderException NullableCheckBox NullableSpinner NullableSpinner.NullableSpinnerLengthModel NullableSpinner.NullableSpinnerModuloNumberModel NullableSpinner.NullableSpinnerNumberModel OBJLoader OBJLoader.Face OBJLoader.Geometry OBJLoader.Group OBJLoader.Line OBJMaterial OBJWriter OBJWriter.ComparableAppearance Object3DBranch Object3DBranch.TextureKey Object3DBranchFactory Object3DFactory ObjectXMLExporter ObserverCamera ObserverCamera.Property ObserverCameraController ObserverCameraController.Property ObserverCameraPanel OperatingSystem OperatingSystem.MacOSXFileManager PageSetupController PageSetupController.HomePrintModificationUndoableEdit PageSetupController.Property PageSetupPanel PatternsCatalog PhotoController PhotoController.CameraChangeListener PhotoController.HomeCameraChangeListener PhotoController.Property PhotoPanel PhotoPanel.ActionType PhotoPanel.LanguageChangeListener PhotoRenderer PhotoRenderer.BufferedImageDisplay PhotoRenderer.PhotoObject3DFactory PhotoRenderer.Quality PhotoRenderer.Triangle PhotoSizeAndQualityPanel PhotoSizeAndQualityPanel.LanguageChangeListener PhotosController PhotosController.HomeStoredCamerasChangeListener PhotosController.Property PhotosPanel PhotosPanel.ActionType PhotosPanel.CamerasListModel PhotosPanel.LanguageChangeListener PieceOfFurniture PlanComponent PlanComponent.IndicatorType PlanComponent.MoveSelectionAction PlanComponent.PaintMode PlanComponent.PieceOfFurnitureModelIcon PlanComponent.PieceOfFurniturePlanIcon PlanComponent.PieceOfFurnitureTopViewIcon PlanComponent.PlanRulerComponent PlanComponent.SVGSupport PlanComponent.SetAlignmentActivatedAction PlanComponent.SetDuplicationActivatedAction PlanComponent.SetEditionActivatedAction PlanComponent.ToggleMagnetismAction PlanComponent.UserPreferencesChangeListener PlanController PlanController.AbstractModeChangeState PlanController.AbstractPolylineState PlanController.AbstractRoomState PlanController.AbstractWallState PlanController.CameraElevationState PlanController.CameraPitchRotationState PlanController.CameraYawRotationState PlanController.CompassResizeState PlanController.CompassRotationState PlanController.ControllerState PlanController.DimensionLineCreationState PlanController.DimensionLineDrawingState PlanController.DimensionLineOffsetState PlanController.DimensionLineResizeState PlanController.DragAndDropState PlanController.EditableProperty PlanController.JoinedWall PlanController.LabelCreationState PlanController.LabelElevationState PlanController.LabelRotationState PlanController.LightPowerModificationState PlanController.Mode PlanController.PanningState PlanController.PieceOfFurnitureElevationState PlanController.PieceOfFurnitureHeightState PlanController.PieceOfFurnitureNameOffsetState PlanController.PieceOfFurnitureNameRotationState PlanController.PieceOfFurniturePitchRotationState PlanController.PieceOfFurnitureResizeState PlanController.PieceOfFurnitureRollRotationState PlanController.PieceOfFurnitureRotationState PlanController.PointMagnetizedToClosestWallOrRoomPoint PlanController.PointWithAngleMagnetism PlanController.PolylineCreationState PlanController.PolylineDrawingState PlanController.PolylineResizeState PlanController.Property PlanController.RectangleSelectionState PlanController.ResizedPieceOfFurniture PlanController.RoomAreaOffsetState PlanController.RoomAreaRotationState PlanController.RoomCreationState PlanController.RoomDrawingState PlanController.RoomNameOffsetState PlanController.RoomNameRotationState PlanController.RoomPointWithAngleMagnetism PlanController.RoomResizeState PlanController.SelectionMoveState PlanController.SelectionState PlanController.WallCreationState PlanController.WallDrawingState PlanController.WallPointWithAngleMagnetism PlanController.WallResizeState PlanTransferHandler PlanView PlanView.CursorType Plugin PluginAction PluginAction.Property PluginManager PluginManager.PluginLibrary Polyline Polyline.ArrowStyle Polyline.CapStyle Polyline.DashStyle Polyline.JoinStyle PolylineController PolylineController.ModifiedPolyline PolylineController.PolylinesModificationUndoableEdit PolylineController.Property PolylinePanel PolylinePanel.ArrowsStyle PrintPreviewController PrintPreviewPanel PrintPreviewPanel.ActionType PrintPreviewPanel.HigherInsetsButton ProportionalLayout RecorderException ResourceAction ResourceAction.AbstractDecoratedAction ResourceAction.ButtonAction ResourceAction.LanguageChangeListener ResourceAction.MenuItemAction ResourceAction.PopupMenuItemAction ResourceAction.ToolBarAction ResourceURLContent Room Room.Property Room3D RoomController RoomController.ModifiedRoom RoomController.ModifiedWall RoomController.ModifiedWallSide RoomController.Property RoomController.RoomPaint RoomController.RoomsAndWallSidesModificationUndoableEdit RoomController.WallSide RoomPanel Sash ScaledImageComponent Selectable SelectionEvent SelectionListener SimpleURLContent SweetHome3D SweetHome3D.FileContentManagerWithRecordedLastDirectories SweetHome3D.StandaloneBasicService SweetHome3D.StandaloneServiceManager SweetHome3D.StandaloneSingleInstanceService SweetHome3DApplet SweetHome3DBootstrap SweetHome3DViewer SwingTools SwingTools.BrowserSupport SwingTools.MenuItemsVisibilityListener SwingTools.SelectionOnFocusManager SwingViewFactory TemporaryURLContent TextStyle TextureChoiceComponent TextureChoiceComponent.TexturePanel TextureChoiceComponent.TexturePanel.TextureIcon TextureChoiceComponent.TexturePanel.TextureListCellRenderer TextureChoiceComponent.TexturePanel.TexturesCatalogListModel TextureChoiceComponent.TexturePanel.TexturesCatalogListModel.TexturesCatalogListener TextureChoiceComponent.TexturePanel.TexturesCatalogListener TextureChoiceController TextureChoiceController.Property TextureChoiceView TextureImage TextureManager TextureManager.ComparableTexture TextureManager.ComparableTextureAngleTuple TextureManager.RotatedContentKey TextureManager.TextureObserver TexturesCatalog TexturesCategory ThreadedTaskController ThreadedTaskController.ExceptionHandler ThreadedTaskPanel ThreadedTaskView TransferableView TransferableView.DataType TransferableView.TransferObserver URLContent URLContentClassLoader UnfocusableToolBar UserPreferences UserPreferences.PrefixedResourceBundle UserPreferences.Property UserPreferencesController UserPreferencesController.Property UserPreferencesPanel UserPreferencesPanel.AutoCommitLengthSpinner UserPreferencesPanel.SpinnerLengthModel UserPreferencesPanel.SupportedLanguagesChangeListener VideoController VideoController.HomeEnvironmentChangeListener VideoController.Property VideoPanel VideoPanel.ActionType VideoPanel.FrameGenerator VideoPanel.Image3DGenerator VideoPanel.ImageDataSource VideoPanel.ImageSourceStream VideoPanel.LanguageChangeListener VideoPanel.PhotoImageGenerator View ViewFactory ViewFactoryAdapter ViewerHelper VisualTransferHandler VisualTransferHandler.DragGestureRecognizerWithVisualRepresentation VisualTransferHandler.DragListenerWithVisualRepresentation Wall Wall.Property Wall3D Wall3D.DoorOrWindowArea Wall3D.ModelRotationTuple WallController WallController.ModifiedWall WallController.Property WallController.WallPaint WallController.WallShape WallController.WallsModificationUndoableEdit WallPanel WizardController WizardController.Property WizardController.WizardControllerStepState WizardController.WizardControllerStepState.Property WizardPane XMLWriter","9.197","587","0","C154658","false","C154658",
,"0.0","0.0","0",,"false","AppletContentManager AppletUserPreferences AutoCommitSpinner AutoCommitSpinner.SpinnerModuloNumberModel BackgroundImage BackgroundImageWizardController BackgroundImageWizardController.BackgroundImageWizardStepState BackgroundImageWizardController.ImageChoiceStepState BackgroundImageWizardController.ImageOriginStepState BackgroundImageWizardController.ImageScaleStepState BackgroundImageWizardController.Property BackgroundImageWizardController.Step BackgroundImageWizardStepsPanel BackgroundImageWizardStepsPanel.OriginImagePreviewComponent BackgroundImageWizardStepsPanel.ScaleImagePreviewComponent BackgroundImageWizardStepsPanel.ScaleImagePreviewComponent.ActionType CatalogTexture CompassController CompassController.Property CompassPanel ContentManager ContentManager.ContentType ControllerAction DefaultLibrary DefaultPatternTexture DefaultTexturesCatalog DefaultTexturesCatalog.PropertyKey DefaultUserPreferences DialogView ExportableView FileContentManager FileUserPreferences FileUserPreferences.PortablePreferences FileUserPreferences.PreferencesURLContent FurnitureTable.FurnitureTableColumnModel FurnitureTable.FurnitureTableColumnModel.LanguageChangeListener HelpController HelpController.HelpDocument HelpController.HelpDocument.HelpReader HelpController.LanguageChangeListener HelpController.Property HelpPane HelpPane.ActionType HelpPane.LanguageChangeListener HelpView HomeAppletRecorder HomeAppletRecorder.LengthOutputStream HomeFileRecorder HomePDFPrinter HomePane.MouseAndFocusListener HomePane.OBJExporter ImportedTextureWizardController ImportedTextureWizardController.ImportedTextureWizardStepState ImportedTextureWizardController.Property ImportedTextureWizardController.Step ImportedTextureWizardController.TextureAttributesStepState ImportedTextureWizardController.TextureImageStepState ImportedTextureWizardStepsPanel InterruptedRecorderException LengthUnit LengthUnit.InchDecimalsFormat LengthUnit.MeterFamilyFormat LengthUnit.SquareFootAreaFormatWithUnit LengthUnit.SquareMeterAreaFormatWithUnit Library ModelMaterialsComponent NotEnoughSpaceRecorderException ObserverCameraController ObserverCameraController.Property ObserverCameraPanel PatternsCatalog PrintPreviewController RecorderException ResourceAction.ButtonAction ScaledImageComponent SweetHome3D.FileContentManagerWithRecordedLastDirectories SwingViewFactory TextureChoiceComponent TextureChoiceComponent.TexturePanel.TextureIcon TextureChoiceComponent.TexturePanel.TextureListCellRenderer TextureChoiceComponent.TexturePanel.TexturesCatalogListModel TextureChoiceComponent.TexturePanel.TexturesCatalogListModel.TexturesCatalogListener TextureChoiceView TextureImage TexturesCatalog TexturesCategory ThreadedTaskPanel URLContentClassLoader UserPreferences UserPreferences.PrefixedResourceBundle UserPreferences.Property UserPreferencesController UserPreferencesController.Property UserPreferencesPanel UserPreferencesPanel.AutoCommitLengthSpinner UserPreferencesPanel.SpinnerLengthModel UserPreferencesPanel.SupportedLanguagesChangeListener View ViewFactory ViewFactoryAdapter WizardController WizardController.Property WizardController.WizardControllerStepState WizardController.WizardControllerStepState.Property WizardPane","6.714","105",,"C154643","false","C154643",
,"0.0","0.0","0",,"false","AbstractPhotoController AbstractPhotoController.EnvironmentChangeListener AbstractPhotoController.Property AspectRatio BackgroundImageWizardController.BackgroundImageUndoableEdit Camera Camera.Lens Camera.Property CollectionChangeSupport CollectionEvent CollectionEvent.Type CollectionListener Component3DManager Component3DManager.ObservedCanvas3D Component3DManager.RenderingErrorListenerManager Component3DManager.RenderingErrorObserver Component3DManager.RenderingObserver DamagedHomeIOException DamagedHomeRecorderException Elevatable Ground3D Ground3D.LevelAreas Home Home.Property HomeComponent3D HomeComponent3D.ActionType HomeComponent3D.CameraInterpolator HomeComponent3D.ElevateCameraAction HomeComponent3D.JCanvas3DWithNavigationPanel HomeComponent3D.MoveCameraAction HomeComponent3D.MoveCameraSidewaysAction HomeComponent3D.NavigationButton HomeComponent3D.NavigationPanelChangeListener HomeComponent3D.RotateCameraPitchAction HomeComponent3D.RotateCameraYawAction HomeController3D HomeController3D.CameraControllerState HomeController3D.ObserverCameraState HomeController3D.TopCameraState HomeController3D.UserPreferencesChangeListener HomeEnvironment HomeEnvironment.DrawingMode HomeEnvironment.Property HomeTransferableList HomeXMLHandler HomeXMLHandler.JoinedWall JPEGImagesToVideo Label.Property Level LevelController LevelController.LevelModificationUndoableEdit LevelController.ModifiedLevel LevelController.Property LevelPanel LevelPanel.LevelsTableModel LightSource MultipleLevelsPlanPanel MultipleLevelsPlanPanel.LevelLabel Object3DBranchFactory Object3DFactory ObserverCamera ObserverCamera.Property PhotoController PhotoController.CameraChangeListener PhotoController.HomeCameraChangeListener PhotoController.Property PhotoPanel PhotoPanel.ActionType PhotoPanel.LanguageChangeListener PhotoRenderer PhotoRenderer.BufferedImageDisplay PhotoRenderer.PhotoObject3DFactory PhotoRenderer.Quality PhotoRenderer.Triangle PhotoSizeAndQualityPanel PhotoSizeAndQualityPanel.LanguageChangeListener PhotosController PhotosController.HomeStoredCamerasChangeListener PhotosController.Property PhotosPanel PhotosPanel.ActionType PhotosPanel.CamerasListModel PhotosPanel.LanguageChangeListener PlanView.CursorType ResourceAction ResourceAction.LanguageChangeListener Room3D VideoController VideoController.HomeEnvironmentChangeListener VideoController.Property VideoPanel VideoPanel.ActionType VideoPanel.FrameGenerator VideoPanel.Image3DGenerator VideoPanel.ImageDataSource VideoPanel.ImageSourceStream VideoPanel.LanguageChangeListener VideoPanel.PhotoImageGenerator ViewerHelper","6.629","99",,"C154644","false","C154644",
,"0.0","0.0","0",,"false","Base64 Base64.OutputStream CatalogDoorOrWindow CatalogItem CatalogItemToolTip CatalogItemToolTip.DisplayedInformation CatalogLight CatalogPieceOfFurniture Content ContentDigestManager ContentDigestManager.ZipEntryData ContentRecording DefaultFurnitureCatalog DefaultFurnitureCatalog.PropertyKey DefaultHomeInputStream DefaultHomeInputStream.CopiedInputStream DefaultHomeInputStream.HomeObjectInputStream DefaultHomeOutputStream DefaultHomeOutputStream.HomeContentObjectsTracker DefaultHomeOutputStream.HomeObjectOutputStream FurnitureCatalog FurnitureCatalogController FurnitureCatalogController.AddedFurnitureSelector FurnitureCatalogController.FurnitureCatalogChangeListener FurnitureCatalogController.FurnitureCatalogViewChangeListener FurnitureCatalogListPanel FurnitureCatalogListPanel.CatalogCellRenderer FurnitureCatalogListPanel.FurnitureCatalogListModel FurnitureCatalogListPanel.FurnitureCatalogListModel.FurnitureCatalogListener FurnitureCatalogListPanel.PreferencesChangeListener FurnitureCatalogTransferHandler FurnitureCatalogTree FurnitureCatalogTree.CatalogCellRenderer FurnitureCatalogTree.CatalogTreeModel FurnitureCatalogTree.CatalogTreeModel.CatalogFurnitureListener FurnitureCategory HomeContentContext HomeDescriptor HomeURLContent ImportedFurnitureWizardController ImportedFurnitureWizardController.FurnitureAttributesStepState ImportedFurnitureWizardController.FurnitureIconStepState ImportedFurnitureWizardController.FurnitureModelStepState ImportedFurnitureWizardController.FurnitureOrientationStepState ImportedFurnitureWizardController.ImportedFurnitureWizardStepState ImportedFurnitureWizardController.PieceOfFurnitureImportationUndoableEdit ImportedFurnitureWizardController.Property ImportedFurnitureWizardController.Step ImportedFurnitureWizardStepsPanel ImportedFurnitureWizardStepsPanel.AbstractModelPreviewComponent ImportedFurnitureWizardStepsPanel.AttributesPreviewComponent ImportedFurnitureWizardStepsPanel.AutoRepeatButton ImportedFurnitureWizardStepsPanel.IconPreviewComponent ImportedFurnitureWizardStepsPanel.RotationPreviewComponent ImportedFurnitureWizardStepsView ModelPreviewComponent ModelPreviewComponent.JCanvas3DWithNotifiedPaint ResourceURLContent SelectionEvent SelectionListener SimpleURLContent TemporaryURLContent TextureManager.RotatedContentKey URLContent VisualTransferHandler VisualTransferHandler.DragGestureRecognizerWithVisualRepresentation Wall3D.ModelRotationTuple","6.066","67",,"C154645","false","C154645",
,"0.0","0.0","0",,"false","DimensionLine DimensionLine.Property DoorOrWindow HomeDoorOrWindow PlanController PlanController.AbstractModeChangeState PlanController.AbstractRoomState PlanController.AbstractWallState PlanController.CameraElevationState PlanController.CameraPitchRotationState PlanController.CameraYawRotationState PlanController.CompassResizeState PlanController.CompassRotationState PlanController.ControllerState PlanController.DimensionLineCreationState PlanController.DimensionLineDrawingState PlanController.DimensionLineOffsetState PlanController.DimensionLineResizeState PlanController.DragAndDropState PlanController.EditableProperty PlanController.JoinedWall PlanController.LabelCreationState PlanController.LabelElevationState PlanController.LabelRotationState PlanController.LightPowerModificationState PlanController.Mode PlanController.PanningState PlanController.PieceOfFurnitureElevationState PlanController.PieceOfFurnitureHeightState PlanController.PieceOfFurnitureNameOffsetState PlanController.PieceOfFurnitureNameRotationState PlanController.PieceOfFurniturePitchRotationState PlanController.PieceOfFurnitureRollRotationState PlanController.PieceOfFurnitureRotationState PlanController.PointMagnetizedToClosestWallOrRoomPoint PlanController.PointWithAngleMagnetism PlanController.PolylineCreationState PlanController.PolylineResizeState PlanController.Property PlanController.RectangleSelectionState PlanController.RoomAreaOffsetState PlanController.RoomAreaRotationState PlanController.RoomCreationState PlanController.RoomDrawingState PlanController.RoomNameOffsetState PlanController.RoomNameRotationState PlanController.RoomPointWithAngleMagnetism PlanController.RoomResizeState PlanController.SelectionMoveState PlanController.SelectionState PlanController.WallCreationState PlanController.WallDrawingState PlanController.WallPointWithAngleMagnetism PlanController.WallResizeState PlanView Room Room.Property RoomController.ModifiedRoom RoomController.ModifiedWall RoomController.ModifiedWallSide RoomController.RoomsAndWallSidesModificationUndoableEdit Selectable Wall Wall.Property WallController.ModifiedWall WallController.WallsModificationUndoableEdit","6.044","66",,"C154646","false","C154646",
,"0.0","0.0","0",,"false","AppletApplication AppletApplication.AppletBasicService AppletApplication.StandaloneServiceManager AutoRecoveryManager ColorButton.RecentColorsPanel Controller FileContentManager.DirectoryChooser FileContentManager.DirectoryChooser.DirectoryNode FurnitureTransferHandler HomeAppletController HomeApplication HomeController HomeController.FurnitureCatalogChangeListener HomeController.LanguageChangeListener HomeController.TexturesCatalogChangeListener HomeController.Update HomeController.UpdatesHandler HomeController.UserPreferencesChangeListener HomeController.UserPreferencesPropertiesChangeListener HomeFrameController HomeFramePane HomeFramePane.LanguageChangeListener HomePane HomePane.FocusCycleRootChangeListener HomePane.FocusOwnerChangeListener HomePane.FurnitureCatalogViewChangeListener HomePane.LanguageChangeListener HomePane.MenuActionType HomePane.PopupMenuListenerWithMouseLocation HomePane.RulersVisibilityChangeListener HomePane.SelectableFormat HomePluginController HomeRecorder HomeRecorder.Type HomeView HomeView.ActionType HomeView.OpenDamagedHomeAnswer HomeView.SaveAnswer LocatedTransferHandler MacOSXConfiguration OperatingSystem OperatingSystem.MacOSXFileManager PlanTransferHandler Plugin PluginManager PluginManager.PluginLibrary ResourceAction.AbstractDecoratedAction ResourceAction.MenuItemAction ResourceAction.PopupMenuItemAction ResourceAction.ToolBarAction SweetHome3D SweetHome3D.StandaloneBasicService SweetHome3D.StandaloneServiceManager SweetHome3D.StandaloneSingleInstanceService ThreadedTaskController ThreadedTaskController.ExceptionHandler ThreadedTaskView TransferableView.TransferObserver UnfocusableToolBar VisualTransferHandler.DragListenerWithVisualRepresentation","5.907","60",,"C154647","false","C154647",
,"0.0","0.0","0",,"false","AppletApplication.AppletFurnitureTable DAELoader DAELoader.DAEHandler ExportableView.FormatType FurnitureController FurnitureController.AlignedPieceOfFurniture FurnitureController.AlignmentAction FurnitureTable FurnitureTable.FurnitureFilter FurnitureTable.FurnitureTableColumnModel.BooleanRenderer FurnitureTable.FurnitureTableColumnModel.PriceRenderer FurnitureTable.FurnitureTableColumnModel.SizeRenderer FurnitureTable.FurnitureTreeTableModel FurnitureTable.RunnableContext FurnitureTable.TreeTableNameCellRenderer FurnitureTable.TreeTableNameCellRenderer.PanelWithInformationIcon FurnitureTable.UserPreferencesChangeListener Home3DAttributesController.Home3DAttributesModificationUndoableEdit HomeFurnitureController.FurnitureModificationUndoableEdit HomeFurnitureController.ModifiedDoorOrWindow HomeFurnitureController.ModifiedFurnitureGroup HomeFurnitureController.ModifiedLight HomeFurnitureController.ModifiedPieceOfFurniture HomeFurnitureGroup HomeFurnitureGroup.LocationAndSizeChangeListener HomeLight HomeLight.Property HomePieceOfFurniture HomePieceOfFurniture.SortableProperty HomePieceOfFurniture3D HomePieceOfFurniture3D.DefaultMaterialAndTexture HomePieceOfFurniture3D.LightSelectionListener HomeTexture IconManager IconManager.IconProxy Light ModelManager ModelManager.ModelObserver ModelManager.SVGPathSupport Object3DBranch Object3DBranch.TextureKey PieceOfFurniture PlanComponent.PieceOfFurnitureModelIcon PlanComponent.PieceOfFurniturePlanIcon PlanComponent.PieceOfFurnitureTopViewIcon PlanController.PieceOfFurnitureResizeState PlanController.ResizedPieceOfFurniture TextureManager TextureManager.ComparableTexture TextureManager.ComparableTextureAngleTuple TextureManager.TextureObserver TransferableView TransferableView.DataType Wall3D Wall3D.DoorOrWindowArea","5.781","55",,"C154648","false","C154648",
,"0.0","0.0","0",,"false","AutoCompleteTextField AutoCompleteTextField.AutoCompleteDocument Baseboard BaseboardChoiceComponent BaseboardChoiceController BaseboardChoiceController.BaseboardPaint BaseboardChoiceController.Property ColorButton ColorButton.ColorChart ColorButton.ColorCode ColorButton.GrayColorChart ColorButton.PaletteComboBox ColorButton.PalettesColorChooserPanel Home3DAttributesController Home3DAttributesController.EnvironmentPaint Home3DAttributesController.Property Home3DAttributesPanel HomeFurnitureController HomeFurnitureController.FurnitureHorizontalAxis HomeFurnitureController.FurniturePaint HomeFurnitureController.FurnitureShininess HomeFurnitureController.Property HomeFurniturePanel HomeMaterial ModelMaterialsComponent.ModelMaterialsPanel ModelMaterialsComponent.ModelMaterialsPanel.MaterialBlinker ModelMaterialsComponent.ModelMaterialsPanel.MaterialListCellRenderer ModelMaterialsComponent.ModelMaterialsPanel.MaterialsListModel ModelMaterialsController ModelMaterialsController.Property NullableCheckBox NullableSpinner NullableSpinner.NullableSpinnerLengthModel NullableSpinner.NullableSpinnerModuloNumberModel NullableSpinner.NullableSpinnerNumberModel RoomController RoomController.Property RoomController.RoomPaint RoomController.WallSide RoomPanel SwingTools SwingTools.BrowserSupport SwingTools.MenuItemsVisibilityListener SwingTools.SelectionOnFocusManager TextureChoiceComponent.TexturePanel TextureChoiceComponent.TexturePanel.TexturesCatalogListener TextureChoiceController TextureChoiceController.Property WallController WallController.Property WallController.WallPaint WallController.WallShape WallPanel","5.728","53",,"C154649","false","C154649",
,"0.0","0.0","0",,"false","FontNameComboBox Label Label3D LabelController LabelController.LabelCreationUndoableEdit LabelController.LabelModificationUndoableEdit LabelController.ModifiedLabel LabelController.Property LabelPanel MultipleLevelsPlanPanel.LanguageChangeListener PlanComponent PlanComponent.IndicatorType PlanComponent.MoveSelectionAction PlanComponent.PaintMode PlanComponent.PlanRulerComponent PlanComponent.SVGSupport PlanComponent.SetAlignmentActivatedAction PlanComponent.SetDuplicationActivatedAction PlanComponent.SetEditionActivatedAction PlanComponent.ToggleMagnetismAction PlanComponent.UserPreferencesChangeListener Sash TextStyle","4.524","23",,"C154650","false","C154650",
,"0.0","0.0","0",,"false","HomeObject HomePrint HomePrint.PaperOrientation HomePrintableComponent HomePrintableComponent.Variable HomeXMLExporter HomeXMLExporter.PieceOfFurnitureExporter InterruptedPrinterException Level.Property ObjectXMLExporter PageSetupController PageSetupController.HomePrintModificationUndoableEdit PageSetupController.Property PageSetupPanel PrintPreviewPanel PrintPreviewPanel.ActionType PrintPreviewPanel.HigherInsetsButton ProportionalLayout XMLWriter","4.248","19",,"C154651","false","C154651",
,"0.0","0.0","0",,"false","PlanController.AbstractPolylineState PlanController.PolylineDrawingState Polyline Polyline.ArrowStyle Polyline.CapStyle Polyline.DashStyle Polyline.JoinStyle PolylineController PolylineController.ModifiedPolyline PolylineController.PolylinesModificationUndoableEdit PolylineController.Property PolylinePanel PolylinePanel.ArrowsStyle","3.7","13",,"C154652","false","C154652",
,"0.0","0.0","0",,"false","OBJLoader OBJLoader.Face OBJLoader.Geometry OBJLoader.Group OBJLoader.Line OBJMaterial OBJWriter OBJWriter.ComparableAppearance","3.0","8",,"C154653","false","C154653",
,"0.0","0.0","0",,"false","Max3DSLoader Max3DSLoader.Chunk3DS Max3DSLoader.ChunkID Max3DSLoader.ChunksInputStream Max3DSLoader.Face3DS Max3DSLoader.Material3DS Max3DSLoader.Mesh3DS Max3DSLoader.Mesh3DSSharedVertex","3.0","8",,"C154654","false","C154654",
,"0.0","0.0","0",,"false","Compass Compass.GeographicPoint Compass.Property CompassController.CompassUndoableEdit","2.0","4",,"C154655","false","C154655",
,"0.0","0.0","0",,"false","ExtensionsClassLoader SweetHome3DApplet SweetHome3DBootstrap SweetHome3DViewer","2.0","4",,"C154656","false","C154656",
,"0.0","0.0","0",,"false","HomePane.ActionAdapter PluginAction PluginAction.Property","1.585","3",,"C154657","false","C154657",
